No,price
1,326
2,326
3,327
4,334
5,335
6,336
7,336
8,337
9,337
10,338
11,339
12,340
13,342
14,344
15,345
16,345
17,348
18,351
19,351
20,351
21,351
22,352
23,353
24,353
25,353
26,354
27,355
28,357
29,357
30,357
31,402
32,402
33,402
34,402
35,402
36,402
37,402
38,402
39,403
40,403
41,403
42,403
43,403
44,403
45,403
46,403
47,403
48,403
49,404
50,404
51,404
52,404
53,404
54,404
55,404
56,405
57,405
58,405
59,405
60,405
61,552
62,552
63,552
64,552
65,552
66,553
67,553
68,553
69,553
70,553
71,553
72,554
73,554
74,554
75,554
76,554
77,554
78,554
79,554
80,554
81,554
82,554
83,554
84,554
85,554
86,554
87,554
88,554
89,554
90,554
91,2757
92,2757
93,2757
94,2759
95,2759
96,2759
97,2759
98,2759
99,2760
100,2760
101,2760
102,2760
103,2760
104,2760
105,2760
106,2760
107,2760
108,2761
109,2761
110,2761
111,2761
112,2761
113,2761
114,2762
115,2762
116,2762
117,2762
118,2762
119,2762
120,2762
121,2762
122,2762
123,2762
124,2762
125,2762
126,2762
127,2763
128,2763
129,2763
130,2763
131,2763
132,2764
133,2764
134,2765
135,2765
136,2765
137,2765
138,2765
139,2765
140,2766
141,2766
142,2766
143,2767
144,2767
145,2767
146,2767
147,2768
148,2768
149,2768
150,2768
151,2768
152,2769
153,2770
154,2770
155,2770
156,2770
157,2770
158,2770
159,2770
160,2770
161,2770
162,2771
163,2771
164,2771
165,2771
166,2772
167,2772
168,2772
169,2772
170,2772
171,2773
172,2773
173,2774
174,2774
175,2774
176,2774
177,2775
178,2776
179,2776
180,2776
181,2776
182,2776
183,2776
184,2776
185,2776
186,2776
187,2777
188,2777
189,2777
190,2777
191,2777
192,2777
193,2777
194,2777
195,2777
196,2777
197,2777
198,2777
199,2777
200,2777
201,2777
202,2777
203,2777
204,2777
205,2777
206,2777
207,2777
208,2778
209,2779
210,2779
211,2780
212,2780
213,2780
214,2780
215,2780
216,2781
217,2781
218,2781
219,2782
220,2782
221,2782
222,2782
223,2782
224,2782
225,2782
226,2782
227,2782
228,2782
229,2782
230,2783
231,2784
232,2784
233,2787
234,2787
235,2787
236,2788
237,2788
238,2788
239,2788
240,2788
241,2788
242,2788
243,2788
244,2789
245,2789
246,2789
247,2789
248,2789
249,2789
250,2789
251,2789
252,2789
253,2789
254,2789
255,2789
256,2789
257,2790
258,2790
259,2790
260,2790
261,2790
262,2791
263,2791
264,2792
265,2792
266,2792
267,2792
268,2792
269,2792
270,2792
271,2793
272,2793
273,2793
274,2793
275,2793
276,2794
277,2795
278,2795
279,2795
280,2795
281,2795
282,2795
283,2795
284,2795
285,2795
286,2796
287,2797
288,2797
289,2797
290,2797
291,2797
292,2797
293,2797
294,2797
295,2797
296,2797
297,2797
298,2797
299,2797
300,2797
301,2798
302,2799
303,2799
304,2799
305,2800
306,2800
307,2800
308,2800
309,2800
310,2800
311,2800
312,2800
313,2800
314,2800
315,2800
316,2801
317,2801
318,2801
319,2801
320,2801
321,2801
322,2801
323,2801
324,2801
325,2801
326,2802
327,2802
328,2802
329,2802
330,2803
331,2803
332,2803
333,2803
334,2803
335,2803
336,2803
337,2803
338,2803
339,2803
340,2803
341,2803
342,2803
343,2804
344,2804
345,2804
346,2804
347,2804
348,2804
349,2804
350,2804
351,2804
352,2804
353,2804
354,2805
355,2805
356,2805
357,2805
358,2805
359,2805
360,2805
361,2805
362,2806
363,2806
364,2806
365,2807
366,2807
367,2807
368,2808
369,2808
370,2808
371,2808
372,2808
373,2808
374,2809
375,2809
376,2809
377,2809
378,2810
379,2810
380,2810
381,2810
382,2810
383,2811
384,2811
385,2811
386,2811
387,2812
388,2812
389,2812
390,2812
391,554
392,554
393,554
394,554
395,554
396,554
397,554
398,554
399,554
400,554
401,554
402,554
403,554
404,554
405,554
406,555
407,555
408,555
409,555
410,555
411,555
412,555
413,555
414,555
415,555
416,555
417,556
418,556
419,556
420,556
421,2812
422,2812
423,2812
424,2812
425,2812
426,2812
427,2813
428,2813
429,2813
430,2814
431,2814
432,2814
433,2815
434,2815
435,2815
436,2815
437,2815
438,2815
439,2815
440,2815
441,2815
442,2815
443,2815
444,2815
445,2815
446,2816
447,2816
448,2816
449,2816
450,2816
451,2816
452,2817
453,2817
454,2817
455,2817
456,2817
457,2817
458,2817
459,2817
460,2817
461,2817
462,2817
463,2818
464,2818
465,2818
466,2818
467,2818
468,2818
469,2818
470,2818
471,2818
472,2818
473,2818
474,2819
475,2819
476,2819
477,2819
478,2820
479,2821
480,2821
481,2821
482,2821
483,2821
484,2821
485,2821
486,2821
487,2821
488,2822
489,2822
490,2822
491,2822
492,2822
493,2822
494,2822
495,2822
496,2822
497,2822
498,2822
499,2822
500,2822
501,2822
502,2822
503,2822
504,2822
505,2822
506,2822
507,2822
508,2822
509,2822
510,2822
511,2823
512,2823
513,2823
514,2823
515,2823
516,2823
517,2824
518,2824
519,2824
520,2824
521,2824
522,2825
523,2825
524,2825
525,2825
526,2825
527,2825
528,2826
529,2826
530,2826
531,2826
532,2826
533,2826
534,2826
535,2826
536,2826
537,2827
538,2827
539,2827
540,2827
541,2827
542,2828
543,2828
544,2829
545,2829
546,2829
547,2829
548,2829
549,2829
550,2830
551,2830
552,2830
553,2830
554,2830
555,2830
556,2830
557,2831
558,2831
559,2831
560,2831
561,2831
562,2832
563,2832
564,2832
565,2832
566,2832
567,2832
568,2832
569,2833
570,2833
571,2833
572,2833
573,2833
574,2833
575,2833
576,2834
577,2834
578,2834
579,2834
580,2834
581,2834
582,2834
583,2834
584,2835
585,2835
586,2835
587,2835
588,2835
589,2835
590,2836
591,2836
592,2837
593,2837
594,2838
595,2838
596,2838
597,2838
598,2838
599,2838
600,2838
601,2838
602,2838
603,2838
604,2838
605,2838
606,2839
607,2839
608,2839
609,2839
610,2839
611,2839
612,2839
613,2839
614,2839
615,2839
616,2839
617,2839
618,2839
619,2839
620,2839
621,2840
622,2840
623,2840
624,2840
625,2840
626,2840
627,2840
628,2841
629,2841
630,2841
631,2841
632,2841
633,2841
634,2841
635,2841
636,2841
637,2841
638,2841
639,2841
640,2842
641,2842
642,2843
643,2843
644,2843
645,2843
646,2843
647,2843
648,2843
649,2843
650,2843
651,2843
652,2844
653,2844
654,2844
655,2844
656,2844
657,2845
658,2845
659,2845
660,2845
661,2846
662,2846
663,2846
664,2846
665,2846
666,2846
667,2846
668,2846
669,2846
670,2846
671,2846
672,2847
673,2847
674,2847
675,2848
676,2848
677,2848
678,2849
679,2849
680,2850
681,2850
682,2850
683,2850
684,2851
685,2851
686,2851
687,2851
688,2851
689,2852
690,2852
691,2852
692,2852
693,2852
694,2853
695,2853
696,2853
697,2853
698,2853
699,2853
700,2854
701,2854
702,2854
703,2854
704,2854
705,2854
706,2854
707,2854
708,2854
709,2854
710,2855
711,2855
712,2855
713,2855
714,2856
715,2856
716,2856
717,2856
718,2856
719,2856
720,2856
721,556
722,556
723,556
724,556
725,556
726,556
727,556
728,556
729,556
730,556
731,557
732,557
733,557
734,557
735,557
736,557
737,557
738,557
739,557
740,557
741,557
742,557
743,557
744,557
745,557
746,557
747,557
748,557
749,557
750,557
751,2856
752,2856
753,2856
754,2857
755,2857
756,2857
757,2857
758,2857
759,2858
760,2858
761,2858
762,2858
763,2858
764,2858
765,2858
766,2858
767,2858
768,2858
769,2858
770,2858
771,2858
772,2858
773,2859
774,2859
775,2859
776,2859
777,2859
778,2859
779,2859
780,2860
781,2860
782,2860
783,2860
784,2860
785,2861
786,2861
787,2861
788,2861
789,2861
790,2861
791,2861
792,2862
793,2862
794,2862
795,2862
796,2862
797,2862
798,2862
799,2862
800,2862
801,2862
802,2862
803,2862
804,2863
805,2863
806,2863
807,2863
808,2863
809,2863
810,2863
811,2863
812,2863
813,2863
814,2863
815,2863
816,2863
817,2863
818,2863
819,2863
820,2863
821,2864
822,2865
823,2865
824,2866
825,2866
826,2866
827,2866
828,2866
829,2867
830,2867
831,2867
832,2867
833,2867
834,2867
835,2867
836,2867
837,2867
838,2867
839,2867
840,2867
841,2868
842,2868
843,2868
844,2868
845,2869
846,2869
847,2869
848,2869
849,2869
850,2870
851,2870
852,2870
853,2870
854,2870
855,2870
856,2870
857,2870
858,2870
859,2871
860,2871
861,2871
862,2871
863,2871
864,2872
865,2872
866,2872
867,2872
868,2872
869,2872
870,2872
871,2872
872,2872
873,2872
874,2872
875,2872
876,2873
877,2873
878,2873
879,2873
880,2873
881,2873
882,2873
883,2873
884,2873
885,2873
886,2873
887,2874
888,2874
889,2874
890,2874
891,2874
892,2874
893,2874
894,2874
895,2874
896,2875
897,2875
898,2875
899,2875
900,2875
901,2876
902,2876
903,2877
904,2877
905,2877
906,2877
907,2877
908,2878
909,2878
910,2878
911,2878
912,2878
913,2879
914,2879
915,2879
916,2879
917,2879
918,2879
919,2879
920,2879
921,2879
922,2880
923,2880
924,2881
925,2881
926,2881
927,2882
928,2882
929,2882
930,2882
931,2882
932,2883
933,2883
934,2883
935,2884
936,2885
937,2885
938,2885
939,2885
940,2885
941,2886
942,2886
943,2887
944,2887
945,2888
946,2889
947,2889
948,2889
949,2889
950,2889
951,2889
952,2889
953,2889
954,2889
955,2889
956,2890
957,2890
958,2890
959,2890
960,2890
961,2891
962,2891
963,2891
964,2891
965,2891
966,2891
967,2892
968,2892
969,2893
970,2893
971,2893
972,2893
973,2893
974,2893
975,2893
976,2893
977,2893
978,2894
979,2894
980,2894
981,2895
982,2895
983,2895
984,2896
985,2896
986,2896
987,2896
988,2896
989,2896
990,2896
991,2896
992,2896
993,2896
994,2897
995,2897
996,2897
997,2897
998,2897
999,2897
1000,2898
1001,2898
1002,2898
1003,2898
1004,2898
1005,2898
1006,2898
1007,2898
1008,2898
1009,2898
1010,2899
1011,2900
1012,2900
1013,2901
1014,2901
1015,2901
1016,2901
1017,2902
1018,2902
1019,2902
1020,2902
1021,2902
1022,2903
1023,2903
1024,2903
1025,2903
1026,2903
1027,2904
1028,2904
1029,2904
1030,2904
1031,2905
1032,2905
1033,2905
1034,2905
1035,2905
1036,2905
1037,2905
1038,2905
1039,2905
1040,2906
1041,2906
1042,2906
1043,2907
1044,2907
1045,2907
1046,2907
1047,2907
1048,2907
1049,2907
1050,2907
1051,557
1052,558
1053,558
1054,558
1055,558
1056,558
1057,558
1058,558
1059,558
1060,558
1061,558
1062,558
1063,558
1064,558
1065,558
1066,558
1067,558
1068,558
1069,558
1070,558
1071,558
1072,558
1073,558
1074,558
1075,558
1076,558
1077,558
1078,558
1079,558
1080,558
1081,2908
1082,2908
1083,2909
1084,2909
1085,2909
1086,2909
1087,2909
1088,2910
1089,2911
1090,2911
1091,2911
1092,2911
1093,2912
1094,2912
1095,2912
1096,2912
1097,2912
1098,2912
1099,2912
1100,2913
1101,2913
1102,2913
1103,2913
1104,2913
1105,2913
1106,2913
1107,2913
1108,2913
1109,2913
1110,2914
1111,2914
1112,2915
1113,2915
1114,2915
1115,2915
1116,2916
1117,2917
1118,2917
1119,2917
1120,2917
1121,2918
1122,2918
1123,2918
1124,2918
1125,2918
1126,2919
1127,2919
1128,2919
1129,2919
1130,2919
1131,2919
1132,2920
1133,2920
1134,2920
1135,2920
1136,2921
1137,2921
1138,2921
1139,2921
1140,2921
1141,2921
1142,2922
1143,2922
1144,2922
1145,2922
1146,2922
1147,2923
1148,2923
1149,2923
1150,2923
1151,2923
1152,2923
1153,2923
1154,2923
1155,2923
1156,2923
1157,2923
1158,2924
1159,2925
1160,2925
1161,2925
1162,2925
1163,2925
1164,2925
1165,2926
1166,2926
1167,2926
1168,2927
1169,2927
1170,2927
1171,2928
1172,2928
1173,2929
1174,2929
1175,2929
1176,2929
1177,2930
1178,2930
1179,2930
1180,2930
1181,2930
1182,2930
1183,2930
1184,2930
1185,2930
1186,2931
1187,2931
1188,2931
1189,2932
1190,2932
1191,2932
1192,2933
1193,2933
1194,2933
1195,2933
1196,2933
1197,2934
1198,2934
1199,2935
1200,2935
1201,2935
1202,2936
1203,2936
1204,2936
1205,2936
1206,2937
1207,2937
1208,2937
1209,2937
1210,2938
1211,2938
1212,2938
1213,2939
1214,2939
1215,2939
1216,2939
1217,2939
1218,2939
1219,2939
1220,2939
1221,2939
1222,2939
1223,2939
1224,2940
1225,2940
1226,2940
1227,2940
1228,2940
1229,2940
1230,2940
1231,2940
1232,2941
1233,2941
1234,2942
1235,2942
1236,2942
1237,2942
1238,2942
1239,2942
1240,2943
1241,2943
1242,2944
1243,2944
1244,2945
1245,2945
1246,2945
1247,2945
1248,2946
1249,2946
1250,2946
1251,2946
1252,2946
1253,2946
1254,2947
1255,2947
1256,2947
1257,2947
1258,2947
1259,2947
1260,2947
1261,2947
1262,2947
1263,2947
1264,2947
1265,2948
1266,2948
1267,2948
1268,2948
1269,2948
1270,2948
1271,2948
1272,2949
1273,2949
1274,2949
1275,2949
1276,2949
1277,2950
1278,2950
1279,2950
1280,2951
1281,2951
1282,2951
1283,2951
1284,2951
1285,2952
1286,2952
1287,2952
1288,2952
1289,2952
1290,2952
1291,2952
1292,2952
1293,2952
1294,2952
1295,2952
1296,2953
1297,2953
1298,2953
1299,2954
1300,2954
1301,2954
1302,2954
1303,2954
1304,2954
1305,2954
1306,2955
1307,2956
1308,2956
1309,2956
1310,2956
1311,2956
1312,2956
1313,2956
1314,2956
1315,2956
1316,2956
1317,2958
1318,2958
1319,2958
1320,2958
1321,2959
1322,2959
1323,2959
1324,2959
1325,2959
1326,2960
1327,2960
1328,2960
1329,2960
1330,2960
1331,2960
1332,2960
1333,2960
1334,2960
1335,2961
1336,2961
1337,2961
1338,2961
1339,2961
1340,2961
1341,2961
1342,2961
1343,2961
1344,2961
1345,2961
1346,2962
1347,2962
1348,2962
1349,2962
1350,2963
1351,2963
1352,2964
1353,2964
1354,2964
1355,2964
1356,2964
1357,2964
1358,2964
1359,2964
1360,2964
1361,2964
1362,2964
1363,2964
1364,2964
1365,2964
1366,2965
1367,2965
1368,2965
1369,2965
1370,2965
1371,2965
1372,2966
1373,2966
1374,2966
1375,2966
1376,2966
1377,2967
1378,2967
1379,2967
1380,2967
1381,558
1382,558
1383,558
1384,559
1385,559
1386,559
1387,559
1388,559
1389,559
1390,559
1391,559
1392,559
1393,559
1394,559
1395,559
1396,559
1397,559
1398,559
1399,559
1400,559
1401,559
1402,560
1403,560
1404,560
1405,560
1406,560
1407,560
1408,561
1409,561
1410,561
1411,2968
1412,2968
1413,2968
1414,2968
1415,2968
1416,2968
1417,2969
1418,2970
1419,2970
1420,2970
1421,2970
1422,2970
1423,2970
1424,2971
1425,2972
1426,2972
1427,2972
1428,2972
1429,2972
1430,2973
1431,2973
1432,2973
1433,2973
1434,2973
1435,2973
1436,2974
1437,2974
1438,2974
1439,2974
1440,2974
1441,2975
1442,2975
1443,2975
1444,2975
1445,2975
1446,2975
1447,2975
1448,2976
1449,2976
1450,2976
1451,2977
1452,2977
1453,2977
1454,2977
1455,2978
1456,2978
1457,2978
1458,2978
1459,2979
1460,2979
1461,2980
1462,2980
1463,2980
1464,2980
1465,2981
1466,2981
1467,2981
1468,2982
1469,2982
1470,2982
1471,2982
1472,2982
1473,2982
1474,2984
1475,2984
1476,2984
1477,2985
1478,2985
1479,2985
1480,2986
1481,2986
1482,2986
1483,2986
1484,2987
1485,2987
1486,2988
1487,2988
1488,2988
1489,2988
1490,2989
1491,2990
1492,2990
1493,2990
1494,2990
1495,2991
1496,2991
1497,2992
1498,2992
1499,2992
1500,2993
1501,2993
1502,2993
1503,2993
1504,2993
1505,2993
1506,2993
1507,2993
1508,2994
1509,2994
1510,2994
1511,2994
1512,2994
1513,2994
1514,2995
1515,2995
1516,2996
1517,2996
1518,2996
1519,2997
1520,2997
1521,2998
1522,2998
1523,2998
1524,2998
1525,2998
1526,2999
1527,2999
1528,2999
1529,2999
1530,2999
1531,2999
1532,2999
1533,2999
1534,2999
1535,3000
1536,3000
1537,3001
1538,3001
1539,3001
1540,3001
1541,3001
1542,3001
1543,3001
1544,3001
1545,3002
1546,3002
1547,3002
1548,3002
1549,3002
1550,3002
1551,3002
1552,3002
1553,3002
1554,3003
1555,3003
1556,3003
1557,3004
1558,3004
1559,3004
1560,3004
1561,3004
1562,3004
1563,3004
1564,3005
1565,3005
1566,3005
1567,3005
1568,3005
1569,3006
1570,3006
1571,3006
1572,3006
1573,3006
1574,3007
1575,3007
1576,3007
1577,3007
1578,3007
1579,3007
1580,3007
1581,3007
1582,3007
1583,3007
1584,3008
1585,3008
1586,3008
1587,3008
1588,3009
1589,3009
1590,3009
1591,3009
1592,3010
1593,3010
1594,3010
1595,3011
1596,3011
1597,3011
1598,3011
1599,3011
1600,3011
1601,3011
1602,3011
1603,3011
1604,3011
1605,3011
1606,3011
1607,3011
1608,3011
1609,3011
1610,3012
1611,3012
1612,3012
1613,3012
1614,3012
1615,3013
1616,3013
1617,3013
1618,3013
1619,3013
1620,3013
1621,3013
1622,3014
1623,3014
1624,3014
1625,3014
1626,3014
1627,3015
1628,3015
1629,3015
1630,3015
1631,3016
1632,3016
1633,3016
1634,3016
1635,3016
1636,3016
1637,3016
1638,3017
1639,3017
1640,3017
1641,3017
1642,3017
1643,3017
1644,3018
1645,3018
1646,3018
1647,3018
1648,3018
1649,3018
1650,3018
1651,3018
1652,3018
1653,3019
1654,3019
1655,3020
1656,3023
1657,3023
1658,3023
1659,3024
1660,3024
1661,3024
1662,3024
1663,3024
1664,3024
1665,3024
1666,3024
1667,3024
1668,3024
1669,3024
1670,3024
1671,3025
1672,3026
1673,3026
1674,3026
1675,3027
1676,3027
1677,3027
1678,3027
1679,3027
1680,3028
1681,3030
1682,3030
1683,3031
1684,3032
1685,3032
1686,3032
1687,3032
1688,3033
1689,3033
1690,3033
1691,3033
1692,3033
1693,3033
1694,3033
1695,3033
1696,3033
1697,3034
1698,3034
1699,3034
1700,3035
1701,3035
1702,3035
1703,3035
1704,3035
1705,3036
1706,3036
1707,3036
1708,3036
1709,3036
1710,3037
1711,561
1712,561
1713,561
1714,561
1715,561
1716,561
1717,561
1718,561
1719,561
1720,561
1721,561
1722,561
1723,561
1724,561
1725,561
1726,561
1727,561
1728,561
1729,561
1730,561
1731,561
1732,561
1733,561
1734,561
1735,561
1736,561
1737,561
1738,561
1739,561
1740,561
1741,3037
1742,3038
1743,3038
1744,3038
1745,3039
1746,3039
1747,3040
1748,3040
1749,3041
1750,3041
1751,3041
1752,3042
1753,3042
1754,3043
1755,3043
1756,3043
1757,3044
1758,3044
1759,3045
1760,3045
1761,3045
1762,3045
1763,3045
1764,3045
1765,3045
1766,3046
1767,3046
1768,3047
1769,3047
1770,3047
1771,3047
1772,3047
1773,3048
1774,3048
1775,3048
1776,3048
1777,3048
1778,3048
1779,3048
1780,3048
1781,3048
1782,3049
1783,3049
1784,3049
1785,3050
1786,3050
1787,3050
1788,3050
1789,3050
1790,3050
1791,3051
1792,3051
1793,3052
1794,3052
1795,3052
1796,3052
1797,3053
1798,3053
1799,3053
1800,3053
1801,3053
1802,3053
1803,3053
1804,3053
1805,3053
1806,3053
1807,3053
1808,3054
1809,3054
1810,3054
1811,3054
1812,3054
1813,3055
1814,3056
1815,3056
1816,3056
1817,3056
1818,3057
1819,3057
1820,3057
1821,3057
1822,3057
1823,3057
1824,3058
1825,3058
1826,3058
1827,3059
1828,3059
1829,3059
1830,3060
1831,3060
1832,3061
1833,3061
1834,3061
1835,3061
1836,3061
1837,3061
1838,3062
1839,3062
1840,3062
1841,3062
1842,3062
1843,3062
1844,3062
1845,3063
1846,3063
1847,3063
1848,3064
1849,3064
1850,3064
1851,3064
1852,3064
1853,3065
1854,3065
1855,3065
1856,3066
1857,3066
1858,3066
1859,3066
1860,3066
1861,3066
1862,3066
1863,3067
1864,3067
1865,3068
1866,3068
1867,3070
1868,3070
1869,3070
1870,3070
1871,3071
1872,3071
1873,3072
1874,3073
1875,3073
1876,3073
1877,3073
1878,3073
1879,3073
1880,3073
1881,3073
1882,3074
1883,3074
1884,3074
1885,3074
1886,3075
1887,3075
1888,3075
1889,3075
1890,3075
1891,3075
1892,3075
1893,3075
1894,3077
1895,3077
1896,3077
1897,3077
1898,3077
1899,3078
1900,3078
1901,3078
1902,3079
1903,3079
1904,3079
1905,3080
1906,3080
1907,3080
1908,3080
1909,3080
1910,3080
1911,3080
1912,3080
1913,3081
1914,3081
1915,3081
1916,3081
1917,3082
1918,3082
1919,3082
1920,3082
1921,3082
1922,3082
1923,3082
1924,3082
1925,3082
1926,3082
1927,3082
1928,3083
1929,3083
1930,3083
1931,3084
1932,3084
1933,3084
1934,3084
1935,3084
1936,3084
1937,3084
1938,3084
1939,3084
1940,3084
1941,3084
1942,3084
1943,3084
1944,3084
1945,3084
1946,3084
1947,3084
1948,3084
1949,3084
1950,3085
1951,3086
1952,3086
1953,3087
1954,3087
1955,3087
1956,3087
1957,3087
1958,3087
1959,3088
1960,3088
1961,3089
1962,3089
1963,3089
1964,3089
1965,3089
1966,3089
1967,3089
1968,3089
1969,3090
1970,3090
1971,3090
1972,3090
1973,3091
1974,3091
1975,3091
1976,3091
1977,3091
1978,3092
1979,3092
1980,3092
1981,3093
1982,3093
1983,3093
1984,3093
1985,3095
1986,3095
1987,3095
1988,3095
1989,3095
1990,3096
1991,3096
1992,3096
1993,3096
1994,3097
1995,3097
1996,3097
1997,3097
1998,3098
1999,3099
2000,3099
2001,3099
2002,3101
2003,3101
2004,3101
2005,3101
2006,3102
2007,3102
2008,3102
2009,3102
2010,3103
2011,3103
2012,3103
2013,3103
2014,3104
2015,3104
2016,3104
2017,3104
2018,3104
2019,3105
2020,3105
2021,3105
2022,3105
2023,3105
2024,3105
2025,3105
2026,3105
2027,3105
2028,3105
2029,3105
2030,3105
2031,3105
2032,3105
2033,3105
2034,3105
2035,3105
2036,3107
2037,3107
2038,3107
2039,3107
2040,3107
2041,561
2042,561
2043,561
2044,561
2045,561
2046,561
2047,561
2048,561
2049,561
2050,561
2051,561
2052,561
2053,561
2054,561
2055,561
2056,561
2057,561
2058,561
2059,561
2060,561
2061,561
2062,561
2063,561
2064,561
2065,561
2066,561
2067,561
2068,561
2069,561
2070,561
2071,3107
2072,3107
2073,3107
2074,3107
2075,3107
2076,3108
2077,3108
2078,3108
2079,3109
2080,3109
2081,3109
2082,3110
2083,3111
2084,3111
2085,3111
2086,3112
2087,3112
2088,3112
2089,3112
2090,3112
2091,3112
2092,3113
2093,3113
2094,3113
2095,3114
2096,3114
2097,3114
2098,3114
2099,3114
2100,3114
2101,3115
2102,3115
2103,3115
2104,3115
2105,3116
2106,3116
2107,3116
2108,3116
2109,3117
2110,3118
2111,3118
2112,3118
2113,3118
2114,3118
2115,3119
2116,3119
2117,3119
2118,3119
2119,3119
2120,3119
2121,3120
2122,3120
2123,3121
2124,3121
2125,3121
2126,3121
2127,3121
2128,3121
2129,3122
2130,3122
2131,3122
2132,3122
2133,3123
2134,3123
2135,3123
2136,3123
2137,3123
2138,3123
2139,3124
2140,3124
2141,3125
2142,3125
2143,3125
2144,3125
2145,3125
2146,3125
2147,3126
2148,3126
2149,3126
2150,3127
2151,3127
2152,3127
2153,3127
2154,3127
2155,3127
2156,3128
2157,3129
2158,3129
2159,3129
2160,3129
2161,3130
2162,3130
2163,3130
2164,3130
2165,3131
2166,3131
2167,3131
2168,3133
2169,3133
2170,3133
2171,3134
2172,3135
2173,3135
2174,3135
2175,3135
2176,3135
2177,3136
2178,3136
2179,3136
2180,3136
2181,3136
2182,3136
2183,3136
2184,3136
2185,3136
2186,3136
2187,3137
2188,3137
2189,3137
2190,3137
2191,3137
2192,3138
2193,3138
2194,3139
2195,3139
2196,3139
2197,3139
2198,3139
2199,3139
2200,3139
2201,3140
2202,3140
2203,3140
2204,3140
2205,3141
2206,3141
2207,3141
2208,3142
2209,3142
2210,3142
2211,3142
2212,3142
2213,3142
2214,3143
2215,3143
2216,3144
2217,3144
2218,3145
2219,3145
2220,3145
2221,3145
2222,3145
2223,3145
2224,3145
2225,3145
2226,3145
2227,3145
2228,3145
2229,3145
2230,3145
2231,3145
2232,3145
2233,3145
2234,3145
2235,3146
2236,3146
2237,3146
2238,3146
2239,3146
2240,3146
2241,3146
2242,3146
2243,3146
2244,3148
2245,3148
2246,3148
2247,3148
2248,3149
2249,3149
2250,3149
2251,3149
2252,3150
2253,3150
2254,3150
2255,3150
2256,3151
2257,3152
2258,3152
2259,3153
2260,3153
2261,3153
2262,3153
2263,3153
2264,3154
2265,3154
2266,3154
2267,3154
2268,3154
2269,3154
2270,3154
2271,3154
2272,3154
2273,3154
2274,3154
2275,3156
2276,3157
2277,3158
2278,3158
2279,3158
2280,3159
2281,3159
2282,3160
2283,3160
2284,3160
2285,3160
2286,3160
2287,3160
2288,3160
2289,3160
2290,3160
2291,3160
2292,3160
2293,3160
2294,3161
2295,3161
2296,3161
2297,3161
2298,3162
2299,3162
2300,3162
2301,3162
2302,3162
2303,3163
2304,3163
2305,3163
2306,3163
2307,3164
2308,3164
2309,3164
2310,3165
2311,3165
2312,3166
2313,3166
2314,3166
2315,3167
2316,3167
2317,3167
2318,3167
2319,3167
2320,3167
2321,3167
2322,3167
2323,3167
2324,3167
2325,3168
2326,3168
2327,3169
2328,3169
2329,3169
2330,3170
2331,3170
2332,3170
2333,3170
2334,3170
2335,3170
2336,3170
2337,3170
2338,3170
2339,3170
2340,3171
2341,3171
2342,3171
2343,3171
2344,3171
2345,3171
2346,3171
2347,3172
2348,3172
2349,3172
2350,3172
2351,3172
2352,3172
2353,3172
2354,3173
2355,3173
2356,3173
2357,3173
2358,3174
2359,3175
2360,3175
2361,3175
2362,3175
2363,3175
2364,3175
2365,3175
2366,3175
2367,3175
2368,3176
2369,3176
2370,3176
2371,561
2372,561
2373,561
2374,561
2375,561
2376,561
2377,561
2378,561
2379,561
2380,561
2381,561
2382,561
2383,561
2384,561
2385,561
2386,561
2387,561
2388,561
2389,561
2390,561
2391,561
2392,561
2393,561
2394,561
2395,561
2396,561
2397,561
2398,561
2399,562
2400,562
2401,3176
2402,3176
2403,3177
2404,3177
2405,3178
2406,3178
2407,3179
2408,3179
2409,3179
2410,3179
2411,3179
2412,3179
2413,3180
2414,3180
2415,3180
2416,3180
2417,3180
2418,3180
2419,3180
2420,3180
2421,3180
2422,3181
2423,3181
2424,3181
2425,3181
2426,3181
2427,3181
2428,3182
2429,3182
2430,3183
2431,3183
2432,3183
2433,3183
2434,3183
2435,3183
2436,3183
2437,3184
2438,3184
2439,3185
2440,3185
2441,3185
2442,3185
2443,3185
2444,3187
2445,3187
2446,3187
2447,3188
2448,3188
2449,3188
2450,3189
2451,3189
2452,3189
2453,3189
2454,3189
2455,3189
2456,3189
2457,3190
2458,3190
2459,3190
2460,3190
2461,3190
2462,3191
2463,3191
2464,3191
2465,3191
2466,3191
2467,3192
2468,3192
2469,3192
2470,3192
2471,3192
2472,3192
2473,3192
2474,3192
2475,3192
2476,3192
2477,3192
2478,3193
2479,3193
2480,3193
2481,3193
2482,3193
2483,3193
2484,3194
2485,3195
2486,3195
2487,3195
2488,3195
2489,3195
2490,3195
2491,3195
2492,3196
2493,3196
2494,3196
2495,3197
2496,3197
2497,3197
2498,3197
2499,3198
2500,3198
2501,3198
2502,3198
2503,3198
2504,3199
2505,3199
2506,3199
2507,3199
2508,3199
2509,3199
2510,3199
2511,3199
2512,3200
2513,3200
2514,3200
2515,3201
2516,3201
2517,3201
2518,3201
2519,3201
2520,3201
2521,3203
2522,3203
2523,3203
2524,3204
2525,3204
2526,3204
2527,3204
2528,3205
2529,3205
2530,3205
2531,3205
2532,3205
2533,3205
2534,3205
2535,3205
2536,3205
2537,3205
2538,3205
2539,3205
2540,3205
2541,3206
2542,3206
2543,3206
2544,3206
2545,3206
2546,3206
2547,3206
2548,3207
2549,3207
2550,3207
2551,3208
2552,3208
2553,3208
2554,3208
2555,3208
2556,3209
2557,3209
2558,3209
2559,3209
2560,3210
2561,3210
2562,3210
2563,3210
2564,3210
2565,3210
2566,3210
2567,3210
2568,3210
2569,3211
2570,3211
2571,3211
2572,3211
2573,3211
2574,3212
2575,3212
2576,3212
2577,3212
2578,3212
2579,3213
2580,3214
2581,3214
2582,3214
2583,3215
2584,3215
2585,3215
2586,3216
2587,3216
2588,3217
2589,3217
2590,3217
2591,3217
2592,3217
2593,3217
2594,3217
2595,3217
2596,3218
2597,3218
2598,3218
2599,3218
2600,3218
2601,3219
2602,3219
2603,3219
2604,3219
2605,3219
2606,3219
2607,3220
2608,3220
2609,3220
2610,3220
2611,3220
2612,3222
2613,3222
2614,3223
2615,3223
2616,3224
2617,3224
2618,3225
2619,3225
2620,3226
2621,3226
2622,3226
2623,3226
2624,3226
2625,3226
2626,3226
2627,3226
2628,3226
2629,3228
2630,3228
2631,3228
2632,3229
2633,3229
2634,3229
2635,3229
2636,3229
2637,3229
2638,3229
2639,3229
2640,3229
2641,3230
2642,3230
2643,3230
2644,3231
2645,3231
2646,3231
2647,3231
2648,3231
2649,3234
2650,3234
2651,3234
2652,3234
2653,3234
2654,3234
2655,3234
2656,3234
2657,3234
2658,3234
2659,3235
2660,3235
2661,3235
2662,3235
2663,3235
2664,3235
2665,3236
2666,3237
2667,3237
2668,3238
2669,3238
2670,3238
2671,3238
2672,3238
2673,3238
2674,3238
2675,3239
2676,3239
2677,3239
2678,3239
2679,3239
2680,3240
2681,3241
2682,3242
2683,3242
2684,3242
2685,3243
2686,3243
2687,3243
2688,3245
2689,3246
2690,3246
2691,3246
2692,3246
2693,3246
2694,3246
2695,3246
2696,3246
2697,3246
2698,3246
2699,3246
2700,3246
2701,562
2702,562
2703,562
2704,562
2705,562
2706,562
2707,562
2708,562
2709,563
2710,563
2711,563
2712,563
2713,564
2714,564
2715,564
2716,564
2717,564
2718,564
2719,564
2720,564
2721,564
2722,564
2723,564
2724,564
2725,564
2726,565
2727,565
2728,565
2729,565
2730,565
2731,3246
2732,3246
2733,3246
2734,3247
2735,3247
2736,3247
2737,3247
2738,3247
2739,3247
2740,3248
2741,3248
2742,3248
2743,3248
2744,3248
2745,3248
2746,3248
2747,3249
2748,3249
2749,3249
2750,3249
2751,3249
2752,3250
2753,3250
2754,3250
2755,3250
2756,3250
2757,3250
2758,3250
2759,3250
2760,3250
2761,3250
2762,3251
2763,3251
2764,3251
2765,3251
2766,3251
2767,3251
2768,3251
2769,3251
2770,3252
2771,3252
2772,3253
2773,3253
2774,3253
2775,3253
2776,3253
2777,3253
2778,3254
2779,3254
2780,3254
2781,3254
2782,3255
2783,3255
2784,3255
2785,3256
2786,3256
2787,3256
2788,3257
2789,3257
2790,3257
2791,3258
2792,3258
2793,3258
2794,3259
2795,3259
2796,3260
2797,3260
2798,3261
2799,3261
2800,3261
2801,3261
2802,3261
2803,3262
2804,3262
2805,3262
2806,3263
2807,3263
2808,3264
2809,3264
2810,3264
2811,3265
2812,3265
2813,3265
2814,3265
2815,3265
2816,3265
2817,3265
2818,3265
2819,3265
2820,3265
2821,3265
2822,3266
2823,3266
2824,3266
2825,3266
2826,3266
2827,3267
2828,3267
2829,3267
2830,3267
2831,3267
2832,3267
2833,3267
2834,3267
2835,3267
2836,3267
2837,3268
2838,3268
2839,3269
2840,3269
2841,3270
2842,3270
2843,3270
2844,3270
2845,3270
2846,3270
2847,3270
2848,3270
2849,3271
2850,3271
2851,3271
2852,3272
2853,3273
2854,3273
2855,3273
2856,3273
2857,3274
2858,3274
2859,3274
2860,3274
2861,3274
2862,3275
2863,3275
2864,3275
2865,3275
2866,3275
2867,3275
2868,3276
2869,3276
2870,3276
2871,3276
2872,3276
2873,3276
2874,3276
2875,3276
2876,3276
2877,3276
2878,3276
2879,3277
2880,3277
2881,3278
2882,3278
2883,3278
2884,3279
2885,3280
2886,3281
2887,3281
2888,3281
2889,3282
2890,3282
2891,3282
2892,3282
2893,3282
2894,3282
2895,3282
2896,3282
2897,3282
2898,3282
2899,3282
2900,3282
2901,3283
2902,3283
2903,3283
2904,3283
2905,3283
2906,3283
2907,3283
2908,3284
2909,3284
2910,3284
2911,3284
2912,3285
2913,3285
2914,3285
2915,3285
2916,3285
2917,3286
2918,3286
2919,3287
2920,3287
2921,3287
2922,3287
2923,3287
2924,3288
2925,3288
2926,3288
2927,3288
2928,3288
2929,3290
2930,3290
2931,3290
2932,3290
2933,3290
2934,3290
2935,3290
2936,3291
2937,3291
2938,3291
2939,3292
2940,3292
2941,3293
2942,3293
2943,3293
2944,3293
2945,3293
2946,3293
2947,3293
2948,3293
2949,3294
2950,3294
2951,3294
2952,3294
2953,3295
2954,3295
2955,3295
2956,3295
2957,3295
2958,3296
2959,3296
2960,3296
2961,3296
2962,3296
2963,3296
2964,3297
2965,3297
2966,3297
2967,3298
2968,3298
2969,3298
2970,3298
2971,3298
2972,3299
2973,3299
2974,3299
2975,3299
2976,3299
2977,3299
2978,3299
2979,3299
2980,3299
2981,3299
2982,3299
2983,3300
2984,3300
2985,3300
2986,3300
2987,3301
2988,3301
2989,3301
2990,3301
2991,3302
2992,3302
2993,3303
2994,3303
2995,3303
2996,3303
2997,3303
2998,3303
2999,3303
3000,3303
3001,3303
3002,3303
3003,3303
3004,3304
3005,3304
3006,3304
3007,3304
3008,3304
3009,3304
3010,3304
3011,3304
3012,3304
3013,3306
3014,3306
3015,3306
3016,3307
3017,3307
3018,3307
3019,3307
3020,3307
3021,3307
3022,3308
3023,3308
3024,3308
3025,3308
3026,3309
3027,3309
3028,3309
3029,3309
3030,3309
3031,565
3032,565
3033,565
3034,565
3035,565
3036,565
3037,565
3038,565
3039,565
3040,565
3041,565
3042,565
3043,565
3044,565
3045,566
3046,566
3047,566
3048,566
3049,566
3050,566
3051,566
3052,566
3053,566
3054,566
3055,566
3056,566
3057,566
3058,566
3059,566
3060,566
3061,3310
3062,3310
3063,3310
3064,3311
3065,3311
3066,3311
3067,3311
3068,3311
3069,3311
3070,3312
3071,3312
3072,3312
3073,3312
3074,3312
3075,3312
3076,3312
3077,3312
3078,3312
3079,3312
3080,3312
3081,3312
3082,3313
3083,3313
3084,3314
3085,3314
3086,3314
3087,3314
3088,3315
3089,3316
3090,3316
3091,3317
3092,3318
3093,3318
3094,3318
3095,3318
3096,3318
3097,3319
3098,3319
3099,3321
3100,3321
3101,3321
3102,3321
3103,3321
3104,3321
3105,3322
3106,3322
3107,3323
3108,3323
3109,3323
3110,3323
3111,3323
3112,3323
3113,3323
3114,3323
3115,3323
3116,3323
3117,3324
3118,3324
3119,3324
3120,3325
3121,3325
3122,3325
3123,3325
3124,3326
3125,3326
3126,3326
3127,3326
3128,3326
3129,3326
3130,3326
3131,3326
3132,3327
3133,3328
3134,3328
3135,3328
3136,3328
3137,3328
3138,3328
3139,3329
3140,3330
3141,3330
3142,3330
3143,3330
3144,3332
3145,3332
3146,3332
3147,3332
3148,3332
3149,3332
3150,3332
3151,3332
3152,3332
3153,3333
3154,3333
3155,3333
3156,3334
3157,3334
3158,3334
3159,3334
3160,3334
3161,3335
3162,3335
3163,3335
3164,3335
3165,3336
3166,3336
3167,3336
3168,3336
3169,3337
3170,3337
3171,3337
3172,3337
3173,3338
3174,3338
3175,3338
3176,3338
3177,3338
3178,3340
3179,3340
3180,3340
3181,3340
3182,3340
3183,3340
3184,3340
3185,3342
3186,3342
3187,3342
3188,3342
3189,3342
3190,3342
3191,3342
3192,3342
3193,3343
3194,3343
3195,3343
3196,3344
3197,3344
3198,3344
3199,3344
3200,3345
3201,3345
3202,3345
3203,3345
3204,3346
3205,3346
3206,3346
3207,3346
3208,3346
3209,3346
3210,3347
3211,3347
3212,3348
3213,3348
3214,3348
3215,3348
3216,3348
3217,3349
3218,3349
3219,3349
3220,3350
3221,3350
3222,3350
3223,3351
3224,3351
3225,3351
3226,3352
3227,3352
3228,3352
3229,3352
3230,3352
3231,3352
3232,3352
3233,3353
3234,3353
3235,3353
3236,3353
3237,3353
3238,3353
3239,3353
3240,3353
3241,3354
3242,3354
3243,3354
3244,3354
3245,3354
3246,3355
3247,3355
3248,3355
3249,3356
3250,3356
3251,3357
3252,3357
3253,3357
3254,3357
3255,3357
3256,3357
3257,3357
3258,3357
3259,3358
3260,3358
3261,3358
3262,3359
3263,3359
3264,3359
3265,3360
3266,3360
3267,3360
3268,3360
3269,3360
3270,3360
3271,3360
3272,3360
3273,3360
3274,3360
3275,3360
3276,3360
3277,3360
3278,3361
3279,3361
3280,3362
3281,3362
3282,3363
3283,3363
3284,3363
3285,3363
3286,3363
3287,3363
3288,3363
3289,3363
3290,3364
3291,3365
3292,3365
3293,3365
3294,3365
3295,3365
3296,3365
3297,3366
3298,3366
3299,3367
3300,3368
3301,3368
3302,3368
3303,3369
3304,3369
3305,3369
3306,3369
3307,3370
3308,3370
3309,3370
3310,3370
3311,3370
3312,3371
3313,3371
3314,3371
3315,3371
3316,3371
3317,3372
3318,3372
3319,3372
3320,3372
3321,3373
3322,3373
3323,3373
3324,3374
3325,3374
3326,3375
3327,3375
3328,3375
3329,3375
3330,3376
3331,3376
3332,3376
3333,3376
3334,3376
3335,3376
3336,3377
3337,3377
3338,3377
3339,3377
3340,3377
3341,3377
3342,3377
3343,3378
3344,3378
3345,3378
3346,3378
3347,3378
3348,3378
3349,3379
3350,3379
3351,3379
3352,3380
3353,3380
3354,3380
3355,3380
3356,3381
3357,3381
3358,3382
3359,3382
3360,3382
3361,405
3362,405
3363,406
3364,407
3365,407
3366,407
3367,407
3368,407
3369,407
3370,407
3371,407
3372,407
3373,407
3374,407
3375,407
3376,408
3377,408
3378,408
3379,408
3380,408
3381,408
3382,408
3383,408
3384,408
3385,408
3386,408
3387,408
3388,408
3389,408
3390,408
3391,566
3392,567
3393,567
3394,567
3395,567
3396,567
3397,567
3398,567
3399,567
3400,567
3401,567
3402,567
3403,567
3404,567
3405,567
3406,567
3407,567
3408,567
3409,568
3410,568
3411,568
3412,568
3413,568
3414,568
3415,568
3416,568
3417,568
3418,568
3419,568
3420,568
3421,3382
3422,3382
3423,3382
3424,3384
3425,3384
3426,3384
3427,3384
3428,3384
3429,3384
3430,3384
3431,3385
3432,3385
3433,3385
3434,3385
3435,3387
3436,3387
3437,3387
3438,3387
3439,3387
3440,3387
3441,3387
3442,3387
3443,3387
3444,3387
3445,3387
3446,3387
3447,3387
3448,3388
3449,3388
3450,3388
3451,3388
3452,3388
3453,3388
3454,3389
3455,3389
3456,3389
3457,3389
3458,3390
3459,3390
3460,3391
3461,3391
3462,3391
3463,3391
3464,3391
3465,3392
3466,3392
3467,3392
3468,3392
3469,3392
3470,3393
3471,3393
3472,3393
3473,3394
3474,3394
3475,3394
3476,3394
3477,3394
3478,3394
3479,3395
3480,3396
3481,3397
3482,3397
3483,3398
3484,3398
3485,3398
3486,3398
3487,3398
3488,3398
3489,3398
3490,3398
3491,3398
3492,3398
3493,3399
3494,3399
3495,3399
3496,3399
3497,3399
3498,3400
3499,3400
3500,3400
3501,3400
3502,3401
3503,3401
3504,3401
3505,3401
3506,3401
3507,3401
3508,3402
3509,3402
3510,3402
3511,3403
3512,3403
3513,3403
3514,3403
3515,3404
3516,3404
3517,3404
3518,3404
3519,3404
3520,3405
3521,3405
3522,3405
3523,3405
3524,3406
3525,3406
3526,3407
3527,3407
3528,3407
3529,3407
3530,3407
3531,3407
3532,3408
3533,3408
3534,3408
3535,3409
3536,3409
3537,3409
3538,3410
3539,3411
3540,3411
3541,3411
3542,3411
3543,3412
3544,3412
3545,3413
3546,3413
3547,3413
3548,3414
3549,3415
3550,3415
3551,3415
3552,3415
3553,3415
3554,3416
3555,3416
3556,3416
3557,3417
3558,3417
3559,3417
3560,3417
3561,3417
3562,3418
3563,3418
3564,3418
3565,3418
3566,3418
3567,3419
3568,3419
3569,3419
3570,3419
3571,3419
3572,3419
3573,3419
3574,3419
3575,3420
3576,3420
3577,3420
3578,3420
3579,3420
3580,3420
3581,3421
3582,3421
3583,3421
3584,3422
3585,3422
3586,3422
3587,3422
3588,3422
3589,3422
3590,3423
3591,3423
3592,3423
3593,3423
3594,3423
3595,3423
3596,3423
3597,3424
3598,3424
3599,3425
3600,3425
3601,3425
3602,3425
3603,3425
3604,3425
3605,3425
3606,3427
3607,3427
3608,3427
3609,3427
3610,3427
3611,3427
3612,3428
3613,3428
3614,3428
3615,3428
3616,3428
3617,3428
3618,3428
3619,3429
3620,3429
3621,3429
3622,3429
3623,3429
3624,3429
3625,3429
3626,3429
3627,3431
3628,3431
3629,3431
3630,3431
3631,3431
3632,3431
3633,3431
3634,3431
3635,3431
3636,3431
3637,3432
3638,3434
3639,3435
3640,3435
3641,3435
3642,3436
3643,3437
3644,3437
3645,3437
3646,3437
3647,3437
3648,3437
3649,3437
3650,3438
3651,3438
3652,3438
3653,3439
3654,3439
3655,3440
3656,3441
3657,3441
3658,3442
3659,3442
3660,3442
3661,3442
3662,3443
3663,3443
3664,3443
3665,3443
3666,3443
3667,3443
3668,3444
3669,3444
3670,3444
3671,3444
3672,3444
3673,3445
3674,3445
3675,3445
3676,3445
3677,3445
3678,3445
3679,3445
3680,3446
3681,3446
3682,3446
3683,3446
3684,3446
3685,3446
3686,3447
3687,3447
3688,3447
3689,3447
3690,3447
3691,3447
3692,3447
3693,3447
3694,3447
3695,3447
3696,3448
3697,3449
3698,3449
3699,3449
3700,3449
3701,3450
3702,3450
3703,3450
3704,3450
3705,3450
3706,3450
3707,3450
3708,3450
3709,3450
3710,3450
3711,3451
3712,3451
3713,3452
3714,3452
3715,3453
3716,3453
3717,3453
3718,3453
3719,3453
3720,3454
3721,568
3722,568
3723,568
3724,568
3725,568
3726,568
3727,568
3728,568
3729,568
3730,568
3731,568
3732,568
3733,568
3734,569
3735,569
3736,569
3737,569
3738,569
3739,570
3740,570
3741,570
3742,570
3743,570
3744,570
3745,570
3746,570
3747,570
3748,570
3749,571
3750,571
3751,3454
3752,3454
3753,3454
3754,3454
3755,3455
3756,3455
3757,3455
3758,3455
3759,3456
3760,3456
3761,3456
3762,3457
3763,3457
3764,3457
3765,3457
3766,3457
3767,3457
3768,3457
3769,3459
3770,3459
3771,3459
3772,3459
3773,3459
3774,3460
3775,3460
3776,3461
3777,3461
3778,3461
3779,3461
3780,3461
3781,3461
3782,3461
3783,3461
3784,3462
3785,3462
3786,3462
3787,3462
3788,3462
3789,3462
3790,3463
3791,3463
3792,3463
3793,3463
3794,3464
3795,3464
3796,3464
3797,3464
3798,3464
3799,3464
3800,3465
3801,3465
3802,3465
3803,3465
3804,3465
3805,3465
3806,3465
3807,3465
3808,3465
3809,3465
3810,3466
3811,3466
3812,3467
3813,3468
3814,3468
3815,3468
3816,3468
3817,3468
3818,3468
3819,3468
3820,3469
3821,3470
3822,3470
3823,3471
3824,3471
3825,3471
3826,3471
3827,3471
3828,3471
3829,3471
3830,3472
3831,3472
3832,3472
3833,3472
3834,3472
3835,3472
3836,3472
3837,3472
3838,3473
3839,3473
3840,3473
3841,3473
3842,3473
3843,3473
3844,3473
3845,3475
3846,3475
3847,3475
3848,3476
3849,3477
3850,3477
3851,3477
3852,3478
3853,3478
3854,3478
3855,3478
3856,3478
3857,3478
3858,3478
3859,3478
3860,3478
3861,3478
3862,3478
3863,3478
3864,3478
3865,3478
3866,3478
3867,3478
3868,3479
3869,3480
3870,3480
3871,3480
3872,3481
3873,3481
3874,3481
3875,3482
3876,3482
3877,3482
3878,3482
3879,3483
3880,3484
3881,3484
3882,3484
3883,3484
3884,3484
3885,3484
3886,3484
3887,3485
3888,3485
3889,3486
3890,3487
3891,3487
3892,3488
3893,3489
3894,3489
3895,3489
3896,3489
3897,3489
3898,3489
3899,3489
3900,3489
3901,3489
3902,3489
3903,3492
3904,3492
3905,3492
3906,3492
3907,3493
3908,3493
3909,3494
3910,3494
3911,3494
3912,3494
3913,3494
3914,3495
3915,3495
3916,3495
3917,3495
3918,3495
3919,3496
3920,3496
3921,3496
3922,3496
3923,3497
3924,3497
3925,3497
3926,3497
3927,3497
3928,3498
3929,3498
3930,3498
3931,3499
3932,3499
3933,3499
3934,3499
3935,3499
3936,3500
3937,3500
3938,3500
3939,3500
3940,3500
3941,3501
3942,3501
3943,3502
3944,3502
3945,3502
3946,3502
3947,3502
3948,3502
3949,3503
3950,3503
3951,3504
3952,3504
3953,3504
3954,3504
3955,3504
3956,3504
3957,3505
3958,3505
3959,3506
3960,3506
3961,3507
3962,3507
3963,3507
3964,3507
3965,3507
3966,3507
3967,3507
3968,3508
3969,3508
3970,3508
3971,3508
3972,3509
3973,3509
3974,3510
3975,3510
3976,3510
3977,3510
3978,3511
3979,3511
3980,3511
3981,3511
3982,3511
3983,3512
3984,3512
3985,3512
3986,3512
3987,3513
3988,3513
3989,3514
3990,3514
3991,3514
3992,3515
3993,3516
3994,3516
3995,3516
3996,3516
3997,3516
3998,3517
3999,3517
4000,3517
4001,3517
4002,3518
4003,3518
4004,3518
4005,3519
4006,3519
4007,3519
4008,3519
4009,3519
4010,3519
4011,3519
4012,3519
4013,3519
4014,3519
4015,3519
4016,3520
4017,3520
4018,3520
4019,3521
4020,3521
4021,3521
4022,3521
4023,3522
4024,3522
4025,3524
4026,3524
4027,3524
4028,3524
4029,3525
4030,3525
4031,3526
4032,3527
4033,3527
4034,3528
4035,3528
4036,3528
4037,3528
4038,3528
4039,3528
4040,3528
4041,3528
4042,3528
4043,3528
4044,3528
4045,3528
4046,3529
4047,3529
4048,3530
4049,3530
4050,3530
4051,571
4052,571
4053,571
4054,571
4055,571
4056,571
4057,571
4058,571
4059,571
4060,571
4061,571
4062,571
4063,571
4064,571
4065,571
4066,571
4067,571
4068,571
4069,571
4070,571
4071,571
4072,571
4073,571
4074,571
4075,571
4076,571
4077,571
4078,571
4079,571
4080,571
4081,3531
4082,3531
4083,3531
4084,3531
4085,3532
4086,3533
4087,3533
4088,3534
4089,3534
4090,3534
4091,3534
4092,3534
4093,3534
4094,3534
4095,3534
4096,3535
4097,3535
4098,3535
4099,3535
4100,3535
4101,3535
4102,3536
4103,3536
4104,3536
4105,3536
4106,3536
4107,3537
4108,3537
4109,3537
4110,3537
4111,3538
4112,3538
4113,3538
4114,3538
4115,3538
4116,3538
4117,3539
4118,3539
4119,3539
4120,3539
4121,3539
4122,3540
4123,3540
4124,3540
4125,3540
4126,3541
4127,3541
4128,3541
4129,3541
4130,3542
4131,3543
4132,3543
4133,3543
4134,3544
4135,3544
4136,3544
4137,3544
4138,3544
4139,3544
4140,3544
4141,3544
4142,3545
4143,3545
4144,3545
4145,3545
4146,3545
4147,3545
4148,3546
4149,3546
4150,3546
4151,3546
4152,3546
4153,3547
4154,3547
4155,3548
4156,3548
4157,3548
4158,3548
4159,3549
4160,3549
4161,3550
4162,3550
4163,3550
4164,3551
4165,3552
4166,3553
4167,3553
4168,3553
4169,3553
4170,3553
4171,3554
4172,3555
4173,3555
4174,3555
4175,3555
4176,3555
4177,3556
4178,3556
4179,3556
4180,3556
4181,3556
4182,3557
4183,3557
4184,3557
4185,3557
4186,3557
4187,3558
4188,3559
4189,3560
4190,3561
4191,3561
4192,3562
4193,3562
4194,3562
4195,3562
4196,3563
4197,3563
4198,3563
4199,3563
4200,3563
4201,3563
4202,3563
4203,3563
4204,3564
4205,3564
4206,3564
4207,3564
4208,3564
4209,3565
4210,3566
4211,3566
4212,3567
4213,3567
4214,3567
4215,3567
4216,3568
4217,3568
4218,3568
4219,3569
4220,3569
4221,3569
4222,3569
4223,3570
4224,3570
4225,3570
4226,3570
4227,3570
4228,3570
4229,3572
4230,3572
4231,3573
4232,3573
4233,3573
4234,3574
4235,3574
4236,3574
4237,3574
4238,3575
4239,3575
4240,3576
4241,3576
4242,3577
4243,3577
4244,3577
4245,3577
4246,3577
4247,3577
4248,3578
4249,3578
4250,3578
4251,3578
4252,3578
4253,3579
4254,3579
4255,3579
4256,3579
4257,3580
4258,3580
4259,3580
4260,3580
4261,3580
4262,3581
4263,3581
4264,3581
4265,3581
4266,3581
4267,3581
4268,3581
4269,3581
4270,3582
4271,3582
4272,3583
4273,3583
4274,3583
4275,3584
4276,3584
4277,3584
4278,3584
4279,3584
4280,3584
4281,3584
4282,3584
4283,3584
4284,3584
4285,3584
4286,3584
4287,3585
4288,3585
4289,3585
4290,3586
4291,3587
4292,3587
4293,3588
4294,3588
4295,3588
4296,3589
4297,3589
4298,3590
4299,3590
4300,3590
4301,3590
4302,3591
4303,3591
4304,3592
4305,3592
4306,3593
4307,3593
4308,3593
4309,3593
4310,3593
4311,3594
4312,3595
4313,3595
4314,3595
4315,3595
4316,3595
4317,3595
4318,3595
4319,3595
4320,3595
4321,3596
4322,3597
4323,3597
4324,3597
4325,3597
4326,3597
4327,3597
4328,3597
4329,3597
4330,3597
4331,3599
4332,3599
4333,3599
4334,3599
4335,3599
4336,3599
4337,3599
4338,3599
4339,3599
4340,3601
4341,3601
4342,3601
4343,3601
4344,3601
4345,3601
4346,3601
4347,3601
4348,3601
4349,3601
4350,3601
4351,3601
4352,3602
4353,3602
4354,3603
4355,3603
4356,3603
4357,3603
4358,3603
4359,3604
4360,3604
4361,3604
4362,3604
4363,3604
4364,3604
4365,3605
4366,3605
4367,3605
4368,3605
4369,3605
4370,3605
4371,3605
4372,3606
4373,3606
4374,3607
4375,3607
4376,3607
4377,3607
4378,3609
4379,3609
4380,3609
4381,571
4382,571
4383,571
4384,571
4385,571
4386,571
4387,571
4388,571
4389,571
4390,571
4391,571
4392,571
4393,571
4394,571
4395,571
4396,571
4397,571
4398,571
4399,571
4400,571
4401,571
4402,571
4403,571
4404,571
4405,571
4406,571
4407,571
4408,571
4409,571
4410,571
4411,3610
4412,3610
4413,3610
4414,3610
4415,3610
4416,3611
4417,3611
4418,3611
4419,3611
4420,3612
4421,3612
4422,3612
4423,3613
4424,3613
4425,3613
4426,3613
4427,3614
4428,3614
4429,3614
4430,3615
4431,3615
4432,3615
4433,3615
4434,3615
4435,3615
4436,3615
4437,3615
4438,3616
4439,3616
4440,3616
4441,3616
4442,3617
4443,3617
4444,3618
4445,3618
4446,3618
4447,3618
4448,3618
4449,3618
4450,3618
4451,3618
4452,3619
4453,3619
4454,3619
4455,3619
4456,3620
4457,3620
4458,3620
4459,3620
4460,3620
4461,3620
4462,3620
4463,3620
4464,3621
4465,3621
4466,3622
4467,3622
4468,3622
4469,3622
4470,3622
4471,3622
4472,3622
4473,3622
4474,3622
4475,3623
4476,3624
4477,3624
4478,3624
4479,3624
4480,3624
4481,3625
4482,3625
4483,3625
4484,3625
4485,3625
4486,3625
4487,3625
4488,3626
4489,3626
4490,3626
4491,3627
4492,3628
4493,3629
4494,3629
4495,3629
4496,3629
4497,3629
4498,3629
4499,3629
4500,3629
4501,3629
4502,3629
4503,3629
4504,3630
4505,3630
4506,3631
4507,3632
4508,3632
4509,3632
4510,3633
4511,3633
4512,3633
4513,3633
4514,3633
4515,3634
4516,3634
4517,3634
4518,3634
4519,3634
4520,3634
4521,3634
4522,3634
4523,3634
4524,3634
4525,3634
4526,3635
4527,3635
4528,3635
4529,3638
4530,3638
4531,3639
4532,3639
4533,3639
4534,3639
4535,3640
4536,3640
4537,3640
4538,3640
4539,3640
4540,3640
4541,3640
4542,3640
4543,3640
4544,3640
4545,3640
4546,3640
4547,3640
4548,3641
4549,3641
4550,3642
4551,3642
4552,3643
4553,3643
4554,3643
4555,3643
4556,3643
4557,3644
4558,3644
4559,3644
4560,3644
4561,3644
4562,3644
4563,3644
4564,3644
4565,3644
4566,3644
4567,3646
4568,3646
4569,3647
4570,3648
4571,3648
4572,3648
4573,3648
4574,3648
4575,3649
4576,3649
4577,3649
4578,3649
4579,3649
4580,3650
4581,3651
4582,3651
4583,3651
4584,3652
4585,3652
4586,3653
4587,3653
4588,3653
4589,3655
4590,3655
4591,3655
4592,3655
4593,3655
4594,3656
4595,3656
4596,3656
4597,3656
4598,3656
4599,3656
4600,3656
4601,3658
4602,3658
4603,3659
4604,3659
4605,3660
4606,3660
4607,3660
4608,3662
4609,3662
4610,3662
4611,3662
4612,3662
4613,3662
4614,3662
4615,3662
4616,3663
4617,3663
4618,3663
4619,3664
4620,3664
4621,3664
4622,3665
4623,3665
4624,3665
4625,3665
4626,3665
4627,3665
4628,3665
4629,3666
4630,3666
4631,3667
4632,3668
4633,3668
4634,3668
4635,3668
4636,3668
4637,3669
4638,3669
4639,3669
4640,3669
4641,3669
4642,3669
4643,3669
4644,3669
4645,3669
4646,3669
4647,3669
4648,3669
4649,3669
4650,3669
4651,3669
4652,3669
4653,3669
4654,3669
4655,3669
4656,3669
4657,3669
4658,3669
4659,3669
4660,3669
4661,3669
4662,3669
4663,3669
4664,3669
4665,3670
4666,3670
4667,3670
4668,3671
4669,3671
4670,3671
4671,3671
4672,3671
4673,3671
4674,3671
4675,3672
4676,3672
4677,3672
4678,3672
4679,3672
4680,3673
4681,3673
4682,3674
4683,3674
4684,3674
4685,3674
4686,3674
4687,3674
4688,3674
4689,3674
4690,3675
4691,3675
4692,3675
4693,3675
4694,3676
4695,3676
4696,3676
4697,3676
4698,3676
4699,3676
4700,3677
4701,3677
4702,3678
4703,3678
4704,3678
4705,3679
4706,3679
4707,3679
4708,3679
4709,3679
4710,3679
4711,571
4712,571
4713,571
4714,571
4715,572
4716,572
4717,572
4718,572
4719,572
4720,572
4721,572
4722,572
4723,572
4724,572
4725,572
4726,572
4727,572
4728,572
4729,572
4730,573
4731,573
4732,573
4733,573
4734,573
4735,573
4736,573
4737,573
4738,573
4739,573
4740,573
4741,3679
4742,3680
4743,3681
4744,3682
4745,3682
4746,3682
4747,3683
4748,3684
4749,3685
4750,3685
4751,3685
4752,3685
4753,3686
4754,3686
4755,3688
4756,3688
4757,3688
4758,3689
4759,3689
4760,3689
4761,3689
4762,3689
4763,3689
4764,3689
4765,3689
4766,3689
4767,3689
4768,3690
4769,3690
4770,3690
4771,3690
4772,3690
4773,3691
4774,3692
4775,3692
4776,3692
4777,3692
4778,3692
4779,3692
4780,3692
4781,3694
4782,3694
4783,3694
4784,3696
4785,3696
4786,3696
4787,3696
4788,3696
4789,3696
4790,3696
4791,3696
4792,3696
4793,3696
4794,3696
4795,3696
4796,3696
4797,3696
4798,3697
4799,3697
4800,3697
4801,3697
4802,3697
4803,3697
4804,3699
4805,3699
4806,3699
4807,3699
4808,3700
4809,3700
4810,3701
4811,3701
4812,3701
4813,3701
4814,3701
4815,3701
4816,3701
4817,3702
4818,3703
4819,3703
4820,3703
4821,3704
4822,3704
4823,3704
4824,3704
4825,3704
4826,3704
4827,3704
4828,3704
4829,3704
4830,3705
4831,3705
4832,3705
4833,3706
4834,3707
4835,3707
4836,3708
4837,3709
4838,3709
4839,3709
4840,3709
4841,3709
4842,3709
4843,3709
4844,3710
4845,3710
4846,3710
4847,3710
4848,3710
4849,3710
4850,3710
4851,3710
4852,3710
4853,3710
4854,3710
4855,3710
4856,3710
4857,3710
4858,3710
4859,3710
4860,3711
4861,3712
4862,3712
4863,3712
4864,3713
4865,3713
4866,3713
4867,3713
4868,3713
4869,3713
4870,3713
4871,3713
4872,3713
4873,3713
4874,3713
4875,3713
4876,3713
4877,3714
4878,3714
4879,3715
4880,3715
4881,3715
4882,3716
4883,3716
4884,3717
4885,3717
4886,3717
4887,3718
4888,3718
4889,3718
4890,3718
4891,3718
4892,3718
4893,3719
4894,3720
4895,3720
4896,3720
4897,3720
4898,3720
4899,3721
4900,3722
4901,3722
4902,3722
4903,3723
4904,3723
4905,3723
4906,3723
4907,3723
4908,3724
4909,3724
4910,3724
4911,3724
4912,3724
4913,3724
4914,3724
4915,3724
4916,3724
4917,3725
4918,3725
4919,3725
4920,3725
4921,3726
4922,3726
4923,3726
4924,3726
4925,3726
4926,3726
4927,3729
4928,3729
4929,3729
4930,3730
4931,3730
4932,3730
4933,3730
4934,3730
4935,3730
4936,3730
4937,3730
4938,3730
4939,3731
4940,3732
4941,3732
4942,3732
4943,3732
4944,3732
4945,3732
4946,3732
4947,3733
4948,3733
4949,3733
4950,3733
4951,3733
4952,3733
4953,3733
4954,3733
4955,3733
4956,3734
4957,3734
4958,3734
4959,3734
4960,3734
4961,3734
4962,3734
4963,3734
4964,3734
4965,3734
4966,3734
4967,3734
4968,3734
4969,3734
4970,3734
4971,3734
4972,3734
4973,3735
4974,3735
4975,3735
4976,3736
4977,3736
4978,3736
4979,3737
4980,3737
4981,3737
4982,3738
4983,3738
4984,3739
4985,3739
4986,3739
4987,3740
4988,3740
4989,3740
4990,3740
4991,3740
4992,3740
4993,3740
4994,3740
4995,3740
4996,3741
4997,3741
4998,3741
4999,3742
5000,3742
5001,3742
5002,3742
5003,3743
5004,3743
5005,3743
5006,3743
5007,3743
5008,3744
5009,3744
5010,3744
5011,3745
5012,3745
5013,3745
5014,3745
5015,3745
5016,3746
5017,3746
5018,3746
5019,3746
5020,3746
5021,3746
5022,3746
5023,3746
5024,3746
5025,3746
5026,3747
5027,3748
5028,3748
5029,3749
5030,3749
5031,3749
5032,3749
5033,3749
5034,3749
5035,3749
5036,3749
5037,3749
5038,3749
5039,3750
5040,3750
5041,573
5042,573
5043,573
5044,573
5045,573
5046,573
5047,573
5048,573
5049,573
5050,573
5051,573
5052,573
5053,573
5054,573
5055,573
5056,573
5057,574
5058,574
5059,574
5060,574
5061,574
5062,574
5063,574
5064,574
5065,574
5066,574
5067,574
5068,574
5069,574
5070,574
5071,3750
5072,3750
5073,3750
5074,3750
5075,3750
5076,3750
5077,3750
5078,3751
5079,3751
5080,3751
5081,3751
5082,3751
5083,3752
5084,3752
5085,3752
5086,3752
5087,3752
5088,3752
5089,3754
5090,3754
5091,3754
5092,3755
5093,3755
5094,3755
5095,3755
5096,3755
5097,3755
5098,3756
5099,3756
5100,3756
5101,3756
5102,3756
5103,3758
5104,3758
5105,3758
5106,3759
5107,3759
5108,3759
5109,3759
5110,3759
5111,3759
5112,3759
5113,3759
5114,3759
5115,3760
5116,3760
5117,3760
5118,3760
5119,3761
5120,3762
5121,3762
5122,3762
5123,3763
5124,3763
5125,3763
5126,3763
5127,3763
5128,3763
5129,3763
5130,3763
5131,3763
5132,3763
5133,3763
5134,3763
5135,3763
5136,3763
5137,3763
5138,3763
5139,3763
5140,3763
5141,3763
5142,3763
5143,3763
5144,3763
5145,3764
5146,3765
5147,3765
5148,3766
5149,3766
5150,3767
5151,3767
5152,3767
5153,3768
5154,3768
5155,3768
5156,3769
5157,3769
5158,3769
5159,3769
5160,3770
5161,3770
5162,3770
5163,3770
5164,3770
5165,3770
5166,3770
5167,3770
5168,3771
5169,3772
5170,3772
5171,3772
5172,3772
5173,3773
5174,3773
5175,3774
5176,3774
5177,3774
5178,3774
5179,3774
5180,3774
5181,3774
5182,3774
5183,3774
5184,3774
5185,3774
5186,3774
5187,3774
5188,3774
5189,3775
5190,3775
5191,3775
5192,3775
5193,3776
5194,3776
5195,3777
5196,3777
5197,3777
5198,3779
5199,3780
5200,3780
5201,3780
5202,3780
5203,3780
5204,3780
5205,3780
5206,3780
5207,3780
5208,3780
5209,3780
5210,3780
5211,3780
5212,3780
5213,3780
5214,3780
5215,3780
5216,3780
5217,3780
5218,3781
5219,3781
5220,3781
5221,3782
5222,3782
5223,3782
5224,3783
5225,3783
5226,3784
5227,3785
5228,3785
5229,3786
5230,3786
5231,3786
5232,3786
5233,3787
5234,3787
5235,3787
5236,3787
5237,3787
5238,3787
5239,3787
5240,3787
5241,3787
5242,3787
5243,3788
5244,3788
5245,3788
5246,3789
5247,3789
5248,3789
5249,3790
5250,3790
5251,3790
5252,3790
5253,3791
5254,3791
5255,3792
5256,3792
5257,3792
5258,3792
5259,3793
5260,3793
5261,3794
5262,3794
5263,3794
5264,3795
5265,3795
5266,3795
5267,3795
5268,3795
5269,3796
5270,3796
5271,3796
5272,3796
5273,3796
5274,3797
5275,3797
5276,3797
5277,3797
5278,3798
5279,3798
5280,3798
5281,3798
5282,3798
5283,3798
5284,3799
5285,3799
5286,3799
5287,3799
5288,3799
5289,3800
5290,3800
5291,3800
5292,3800
5293,3800
5294,3800
5295,3801
5296,3801
5297,3801
5298,3801
5299,3801
5300,3801
5301,3801
5302,3801
5303,3801
5304,3801
5305,3802
5306,3802
5307,3802
5308,3803
5309,3803
5310,3803
5311,3803
5312,3804
5313,3804
5314,3804
5315,3804
5316,3804
5317,3805
5318,3805
5319,3805
5320,3806
5321,3806
5322,3806
5323,3806
5324,3806
5325,3807
5326,3807
5327,3808
5328,3808
5329,3808
5330,3808
5331,3808
5332,3809
5333,3810
5334,3810
5335,3810
5336,3810
5337,3810
5338,3810
5339,3810
5340,3811
5341,3811
5342,3811
5343,3812
5344,3812
5345,3812
5346,3812
5347,3812
5348,3812
5349,3812
5350,3812
5351,3812
5352,3813
5353,3813
5354,3813
5355,3816
5356,3816
5357,3816
5358,3816
5359,3816
5360,3816
5361,3816
5362,3816
5363,3816
5364,3816
5365,3816
5366,3816
5367,3817
5368,3817
5369,3818
5370,3818
5371,574
5372,574
5373,574
5374,574
5375,574
5376,574
5377,574
5378,574
5379,574
5380,574
5381,574
5382,574
5383,574
5384,574
5385,574
5386,574
5387,574
5388,574
5389,574
5390,574
5391,574
5392,574
5393,574
5394,574
5395,574
5396,574
5397,574
5398,574
5399,574
5400,574
5401,3818
5402,3818
5403,3818
5404,3818
5405,3818
5406,3818
5407,3819
5408,3819
5409,3819
5410,3819
5411,3820
5412,3820
5413,3820
5414,3820
5415,3821
5416,3822
5417,3822
5418,3822
5419,3822
5420,3822
5421,3822
5422,3822
5423,3823
5424,3823
5425,3823
5426,3823
5427,3824
5428,3824
5429,3825
5430,3825
5431,3826
5432,3827
5433,3827
5434,3827
5435,3827
5436,3827
5437,3828
5438,3828
5439,3828
5440,3828
5441,3829
5442,3830
5443,3830
5444,3830
5445,3830
5446,3830
5447,3830
5448,3830
5449,3830
5450,3830
5451,3830
5452,3831
5453,3831
5454,3831
5455,3831
5456,3832
5457,3832
5458,3832
5459,3833
5460,3833
5461,3833
5462,3833
5463,3833
5464,3835
5465,3835
5466,3836
5467,3837
5468,3837
5469,3837
5470,3837
5471,3837
5472,3837
5473,3838
5474,3838
5475,3838
5476,3838
5477,3838
5478,3838
5479,3838
5480,3838
5481,3839
5482,3839
5483,3839
5484,3840
5485,3841
5486,3841
5487,3841
5488,3841
5489,3841
5490,3841
5491,3842
5492,3842
5493,3842
5494,3842
5495,3842
5496,3842
5497,3843
5498,3844
5499,3844
5500,3844
5501,3844
5502,3845
5503,3845
5504,3845
5505,3846
5506,3846
5507,3846
5508,3846
5509,3847
5510,3847
5511,3847
5512,3848
5513,3848
5514,3848
5515,3848
5516,3849
5517,3849
5518,3850
5519,3850
5520,3850
5521,3850
5522,3850
5523,3850
5524,3852
5525,3852
5526,3852
5527,3852
5528,3852
5529,3853
5530,3853
5531,3853
5532,3853
5533,3854
5534,3854
5535,3854
5536,3854
5537,3854
5538,3854
5539,3855
5540,3855
5541,3856
5542,3856
5543,3856
5544,3856
5545,3856
5546,3856
5547,3856
5548,3856
5549,3856
5550,3856
5551,3856
5552,3856
5553,3856
5554,3857
5555,3857
5556,3858
5557,3858
5558,3858
5559,3858
5560,3858
5561,3858
5562,3858
5563,3858
5564,3858
5565,3858
5566,3858
5567,3859
5568,3860
5569,3860
5570,3861
5571,3861
5572,3861
5573,3861
5574,3861
5575,3862
5576,3862
5577,3862
5578,3863
5579,3863
5580,3863
5581,3864
5582,3864
5583,3864
5584,3864
5585,3864
5586,3864
5587,3864
5588,3864
5589,3864
5590,3864
5591,3866
5592,3867
5593,3867
5594,3868
5595,3869
5596,3869
5597,3869
5598,3869
5599,3869
5600,3871
5601,3871
5602,3871
5603,3871
5604,3871
5605,3871
5606,3871
5607,3871
5608,3872
5609,3872
5610,3872
5611,3872
5612,3872
5613,3873
5614,3873
5615,3873
5616,3874
5617,3874
5618,3874
5619,3874
5620,3875
5621,3875
5622,3876
5623,3876
5624,3876
5625,3876
5626,3877
5627,3877
5628,3877
5629,3878
5630,3878
5631,3878
5632,3878
5633,3878
5634,3878
5635,3878
5636,3879
5637,3879
5638,3879
5639,3879
5640,3879
5641,3879
5642,3880
5643,3880
5644,3880
5645,3880
5646,3880
5647,3880
5648,3880
5649,3880
5650,3880
5651,3880
5652,3880
5653,3881
5654,3881
5655,3881
5656,3881
5657,3881
5658,3881
5659,3881
5660,3881
5661,3881
5662,3881
5663,3881
5664,3881
5665,3881
5666,3881
5667,3882
5668,3882
5669,3883
5670,3884
5671,3884
5672,3884
5673,3884
5674,3884
5675,3884
5676,3884
5677,3884
5678,3884
5679,3885
5680,3885
5681,3886
5682,3886
5683,3886
5684,3886
5685,3886
5686,3886
5687,3887
5688,3887
5689,3888
5690,3888
5691,3888
5692,3888
5693,3888
5694,3888
5695,3888
5696,3888
5697,3889
5698,3889
5699,3889
5700,3889
5701,574
5702,574
5703,574
5704,574
5705,574
5706,574
5707,574
5708,575
5709,575
5710,575
5711,575
5712,575
5713,575
5714,575
5715,575
5716,575
5717,575
5718,575
5719,575
5720,575
5721,575
5722,575
5723,575
5724,575
5725,575
5726,575
5727,575
5728,575
5729,575
5730,575
5731,3890
5732,3890
5733,3890
5734,3890
5735,3891
5736,3891
5737,3891
5738,3892
5739,3892
5740,3892
5741,3893
5742,3893
5743,3893
5744,3893
5745,3894
5746,3894
5747,3894
5748,3894
5749,3894
5750,3895
5751,3895
5752,3895
5753,3895
5754,3895
5755,3896
5756,3896
5757,3896
5758,3896
5759,3897
5760,3897
5761,3897
5762,3897
5763,3897
5764,3897
5765,3897
5766,3898
5767,3898
5768,3898
5769,3898
5770,3898
5771,3898
5772,3898
5773,3898
5774,3898
5775,3899
5776,3899
5777,3900
5778,3901
5779,3901
5780,3901
5781,3901
5782,3902
5783,3902
5784,3902
5785,3902
5786,3903
5787,3903
5788,3903
5789,3903
5790,3903
5791,3904
5792,3905
5793,3905
5794,3906
5795,3906
5796,3906
5797,3906
5798,3906
5799,3906
5800,3907
5801,3907
5802,3908
5803,3908
5804,3909
5805,3909
5806,3909
5807,3909
5808,3910
5809,3910
5810,3910
5811,3911
5812,3911
5813,3911
5814,3911
5815,3913
5816,3913
5817,3913
5818,3913
5819,3913
5820,3914
5821,3914
5822,3915
5823,3915
5824,3915
5825,3915
5826,3916
5827,3916
5828,3916
5829,3916
5830,3916
5831,3917
5832,3917
5833,3918
5834,3918
5835,3918
5836,3918
5837,3918
5838,3918
5839,3919
5840,3919
5841,3919
5842,3919
5843,3920
5844,3920
5845,3920
5846,3920
5847,3920
5848,3920
5849,3920
5850,3920
5851,3920
5852,3920
5853,3920
5854,3920
5855,3920
5856,3920
5857,3920
5858,3920
5859,3921
5860,3921
5861,3921
5862,3921
5863,3921
5864,3922
5865,3922
5866,3923
5867,3923
5868,3923
5869,3923
5870,3924
5871,3924
5872,3924
5873,3924
5874,3924
5875,3924
5876,3924
5877,3924
5878,3925
5879,3925
5880,3926
5881,3926
5882,3927
5883,3927
5884,3927
5885,3927
5886,3927
5887,3928
5888,3929
5889,3929
5890,3930
5891,3931
5892,3931
5893,3931
5894,3931
5895,3931
5896,3931
5897,3931
5898,3931
5899,3931
5900,3931
5901,3932
5902,3932
5903,3932
5904,3933
5905,3933
5906,3933
5907,3933
5908,3933
5909,3935
5910,3936
5911,3936
5912,3936
5913,3936
5914,3936
5915,3936
5916,3936
5917,3936
5918,3937
5919,3937
5920,3938
5921,3940
5922,3941
5923,3941
5924,3941
5925,3941
5926,3941
5927,3941
5928,3941
5929,3941
5930,3942
5931,3942
5932,3942
5933,3943
5934,3944
5935,3945
5936,3945
5937,3945
5938,3945
5939,3945
5940,3945
5941,3945
5942,3945
5943,3945
5944,3946
5945,3946
5946,3947
5947,3947
5948,3948
5949,3948
5950,3948
5951,3948
5952,3948
5953,3949
5954,3949
5955,3949
5956,3950
5957,3950
5958,3950
5959,3950
5960,3950
5961,3950
5962,3950
5963,3950
5964,3950
5965,3950
5966,3950
5967,3950
5968,3950
5969,3950
5970,3950
5971,3950
5972,3950
5973,3950
5974,3950
5975,3951
5976,3951
5977,3951
5978,3951
5979,3951
5980,3951
5981,3951
5982,3951
5983,3952
5984,3952
5985,3952
5986,3952
5987,3953
5988,3953
5989,3954
5990,3954
5991,3954
5992,3954
5993,3955
5994,3955
5995,3956
5996,3957
5997,3958
5998,3958
5999,3958
6000,3959
6001,3959
6002,3959
6003,3959
6004,3959
6005,3959
6006,3959
6007,3959
6008,3960
6009,3960
6010,3961
6011,3961
6012,3961
6013,3961
6014,3962
6015,3963
6016,3963
6017,3963
6018,3964
6019,3964
6020,3964
6021,3965
6022,3965
6023,3965
6024,3965
6025,3965
6026,3965
6027,3965
6028,3965
6029,3965
6030,3965
6031,575
6032,575
6033,575
6034,575
6035,575
6036,575
6037,575
6038,575
6039,575
6040,575
6041,576
6042,576
6043,576
6044,576
6045,576
6046,576
6047,576
6048,576
6049,576
6050,576
6051,576
6052,576
6053,576
6054,576
6055,576
6056,576
6057,576
6058,576
6059,576
6060,576
6061,3965
6062,3965
6063,3966
6064,3966
6065,3966
6066,3966
6067,3966
6068,3966
6069,3967
6070,3967
6071,3967
6072,3967
6073,3967
6074,3968
6075,3968
6076,3968
6077,3968
6078,3968
6079,3968
6080,3971
6081,3971
6082,3971
6083,3971
6084,3972
6085,3972
6086,3972
6087,3972
6088,3973
6089,3974
6090,3974
6091,3974
6092,3975
6093,3975
6094,3975
6095,3975
6096,3975
6097,3975
6098,3975
6099,3975
6100,3975
6101,3975
6102,3975
6103,3976
6104,3977
6105,3977
6106,3977
6107,3977
6108,3977
6109,3977
6110,3977
6111,3978
6112,3979
6113,3979
6114,3980
6115,3980
6116,3980
6117,3980
6118,3980
6119,3981
6120,3981
6121,3982
6122,3983
6123,3984
6124,3984
6125,3984
6126,3984
6127,3984
6128,3984
6129,3984
6130,3984
6131,3984
6132,3985
6133,3985
6134,3985
6135,3986
6136,3986
6137,3987
6138,3987
6139,3987
6140,3987
6141,3988
6142,3989
6143,3989
6144,3989
6145,3989
6146,3989
6147,3989
6148,3989
6149,3989
6150,3989
6151,3990
6152,3990
6153,3990
6154,3990
6155,3990
6156,3990
6157,3990
6158,3990
6159,3991
6160,3991
6161,3991
6162,3991
6163,3991
6164,3991
6165,3991
6166,3991
6167,3991
6168,3991
6169,3992
6170,3992
6171,3992
6172,3992
6173,3992
6174,3992
6175,3992
6176,3992
6177,3992
6178,3992
6179,3992
6180,3993
6181,3993
6182,3993
6183,3993
6184,3994
6185,3994
6186,3994
6187,3996
6188,3996
6189,3996
6190,3997
6191,3997
6192,3997
6193,3997
6194,3997
6195,3997
6196,3997
6197,3997
6198,3997
6199,3998
6200,3998
6201,3998
6202,3998
6203,3998
6204,3998
6205,3998
6206,3998
6207,3998
6208,3999
6209,3999
6210,3999
6211,4000
6212,4001
6213,4001
6214,4001
6215,4001
6216,4002
6217,4002
6218,4003
6219,4003
6220,4004
6221,4004
6222,4004
6223,4004
6224,4004
6225,4004
6226,4004
6227,4004
6228,4004
6229,4004
6230,4004
6231,4004
6232,4004
6233,4004
6234,4004
6235,4005
6236,4006
6237,4007
6238,4007
6239,4007
6240,4007
6241,4007
6242,4007
6243,4008
6244,4008
6245,4008
6246,4008
6247,4008
6248,4008
6249,4008
6250,4009
6251,4009
6252,4010
6253,4010
6254,4010
6255,4010
6256,4011
6257,4011
6258,4011
6259,4011
6260,4011
6261,4011
6262,4011
6263,4011
6264,4011
6265,4012
6266,4012
6267,4013
6268,4013
6269,4013
6270,4013
6271,4013
6272,4014
6273,4014
6274,4014
6275,4014
6276,4015
6277,4015
6278,4015
6279,4016
6280,4016
6281,4016
6282,4017
6283,4017
6284,4017
6285,4018
6286,4018
6287,4018
6288,4018
6289,4020
6290,4020
6291,4021
6292,4021
6293,4021
6294,4021
6295,4021
6296,4022
6297,4022
6298,4022
6299,4022
6300,4022
6301,4022
6302,4022
6303,4022
6304,4022
6305,4022
6306,4022
6307,4022
6308,4023
6309,4024
6310,4025
6311,4025
6312,4025
6313,4025
6314,4026
6315,4026
6316,4026
6317,4027
6318,4027
6319,4028
6320,4028
6321,4028
6322,4028
6323,4028
6324,4029
6325,4029
6326,4029
6327,4029
6328,4029
6329,4029
6330,4029
6331,4030
6332,4030
6333,4031
6334,4031
6335,4032
6336,4032
6337,4032
6338,4032
6339,4032
6340,4032
6341,4032
6342,4032
6343,4032
6344,4032
6345,4032
6346,4032
6347,4032
6348,4032
6349,4032
6350,4033
6351,4033
6352,4033
6353,4034
6354,4034
6355,4034
6356,4035
6357,4036
6358,4036
6359,4036
6360,4036
6361,576
6362,576
6363,576
6364,576
6365,576
6366,576
6367,576
6368,576
6369,576
6370,576
6371,576
6372,576
6373,576
6374,576
6375,576
6376,576
6377,576
6378,576
6379,576
6380,576
6381,576
6382,576
6383,576
6384,576
6385,576
6386,576
6387,576
6388,576
6389,576
6390,576
6391,4036
6392,4037
6393,4037
6394,4037
6395,4037
6396,4037
6397,4037
6398,4038
6399,4038
6400,4038
6401,4038
6402,4038
6403,4038
6404,4038
6405,4038
6406,4038
6407,4039
6408,4039
6409,4039
6410,4039
6411,4039
6412,4040
6413,4040
6414,4041
6415,4042
6416,4042
6417,4042
6418,4042
6419,4042
6420,4043
6421,4043
6422,4043
6423,4043
6424,4044
6425,4044
6426,4044
6427,4044
6428,4044
6429,4044
6430,4044
6431,4044
6432,4044
6433,4044
6434,4044
6435,4044
6436,4045
6437,4045
6438,4045
6439,4045
6440,4045
6441,4046
6442,4046
6443,4047
6444,4047
6445,4047
6446,4047
6447,4047
6448,4047
6449,4048
6450,4049
6451,4049
6452,4049
6453,4050
6454,4050
6455,4050
6456,4051
6457,4051
6458,4051
6459,4052
6460,4052
6461,4052
6462,4053
6463,4053
6464,4053
6465,4053
6466,4053
6467,4054
6468,4054
6469,4054
6470,4054
6471,4054
6472,4054
6473,4054
6474,4054
6475,4054
6476,4054
6477,4054
6478,4054
6479,4056
6480,4057
6481,4057
6482,4057
6483,4058
6484,4058
6485,4059
6486,4059
6487,4059
6488,4059
6489,4060
6490,4060
6491,4060
6492,4060
6493,4060
6494,4061
6495,4062
6496,4062
6497,4062
6498,4062
6499,4062
6500,4062
6501,4063
6502,4063
6503,4063
6504,4064
6505,4064
6506,4064
6507,4064
6508,4064
6509,4064
6510,4064
6511,4064
6512,4064
6513,4064
6514,4064
6515,4064
6516,4065
6517,4065
6518,4065
6519,4065
6520,4066
6521,4066
6522,4066
6523,4066
6524,4067
6525,4067
6526,4068
6527,4068
6528,4068
6529,4068
6530,4068
6531,4068
6532,4068
6533,4068
6534,4068
6535,4070
6536,4070
6537,4070
6538,4071
6539,4071
6540,4071
6541,4072
6542,4072
6543,4072
6544,4072
6545,4072
6546,4072
6547,4072
6548,4072
6549,4072
6550,4072
6551,4072
6552,4072
6553,4072
6554,4072
6555,4073
6556,4073
6557,4074
6558,4075
6559,4075
6560,4075
6561,4077
6562,4077
6563,4077
6564,4077
6565,4077
6566,4077
6567,4077
6568,4077
6569,4077
6570,4077
6571,4077
6572,4077
6573,4077
6574,4077
6575,4077
6576,4077
6577,4077
6578,4077
6579,4077
6580,4078
6581,4078
6582,4078
6583,4078
6584,4078
6585,4078
6586,4078
6587,4078
6588,4078
6589,4078
6590,4078
6591,4078
6592,4078
6593,4079
6594,4079
6595,4079
6596,4080
6597,4081
6598,4081
6599,4081
6600,4081
6601,4081
6602,4081
6603,4081
6604,4081
6605,4081
6606,4081
6607,4081
6608,4081
6609,4082
6610,4082
6611,4082
6612,4082
6613,4082
6614,4082
6615,4082
6616,4082
6617,4082
6618,4082
6619,4082
6620,4082
6621,4083
6622,4084
6623,4084
6624,4084
6625,4084
6626,4084
6627,4084
6628,4086
6629,4086
6630,4086
6631,4086
6632,4087
6633,4088
6634,4088
6635,4088
6636,4088
6637,4088
6638,4089
6639,4089
6640,4089
6641,4089
6642,4090
6643,4090
6644,4091
6645,4092
6646,4092
6647,4092
6648,4092
6649,4092
6650,4092
6651,4092
6652,4092
6653,4092
6654,4093
6655,4093
6656,4093
6657,4093
6658,4093
6659,4093
6660,4094
6661,4095
6662,4095
6663,4095
6664,4095
6665,4096
6666,4096
6667,4096
6668,4096
6669,4096
6670,4096
6671,4098
6672,4098
6673,4098
6674,4098
6675,4099
6676,4099
6677,4099
6678,4099
6679,4099
6680,4101
6681,4101
6682,4101
6683,4101
6684,4101
6685,4101
6686,4101
6687,4101
6688,4102
6689,4102
6690,4102
6691,408
6692,408
6693,408
6694,408
6695,408
6696,408
6697,408
6698,408
6699,408
6700,409
6701,409
6702,409
6703,410
6704,410
6705,410
6706,411
6707,411
6708,411
6709,412
6710,412
6711,412
6712,413
6713,413
6714,413
6715,413
6716,413
6717,413
6718,413
6719,413
6720,413
6721,577
6722,577
6723,577
6724,577
6725,577
6726,577
6727,577
6728,577
6729,577
6730,577
6731,577
6732,577
6733,577
6734,578
6735,578
6736,578
6737,578
6738,579
6739,579
6740,579
6741,579
6742,579
6743,579
6744,579
6745,579
6746,579
6747,579
6748,579
6749,579
6750,579
6751,4102
6752,4102
6753,4102
6754,4102
6755,4103
6756,4103
6757,4103
6758,4103
6759,4105
6760,4105
6761,4106
6762,4106
6763,4106
6764,4106
6765,4106
6766,4106
6767,4107
6768,4107
6769,4107
6770,4108
6771,4108
6772,4108
6773,4108
6774,4109
6775,4111
6776,4111
6777,4112
6778,4113
6779,4113
6780,4113
6781,4113
6782,4113
6783,4113
6784,4113
6785,4113
6786,4113
6787,4113
6788,4113
6789,4113
6790,4113
6791,4114
6792,4114
6793,4114
6794,4114
6795,4114
6796,4115
6797,4116
6798,4116
6799,4116
6800,4116
6801,4116
6802,4116
6803,4116
6804,4116
6805,4116
6806,4116
6807,4116
6808,4117
6809,4118
6810,4118
6811,4118
6812,4118
6813,4118
6814,4118
6815,4118
6816,4118
6817,4118
6818,4118
6819,4118
6820,4118
6821,4119
6822,4119
6823,4119
6824,4119
6825,4119
6826,4119
6827,4120
6828,4120
6829,4120
6830,4120
6831,4120
6832,4120
6833,4121
6834,4121
6835,4121
6836,4121
6837,4121
6838,4121
6839,4123
6840,4123
6841,4123
6842,4123
6843,4123
6844,4124
6845,4124
6846,4124
6847,4124
6848,4124
6849,4125
6850,4125
6851,4125
6852,4125
6853,4125
6854,4125
6855,4125
6856,4125
6857,4126
6858,4126
6859,4126
6860,4126
6861,4126
6862,4127
6863,4127
6864,4127
6865,4127
6866,4128
6867,4128
6868,4128
6869,4128
6870,4128
6871,4128
6872,4129
6873,4129
6874,4129
6875,4129
6876,4129
6877,4129
6878,4129
6879,4130
6880,4130
6881,4130
6882,4131
6883,4131
6884,4131
6885,4131
6886,4132
6887,4132
6888,4132
6889,4133
6890,4133
6891,4133
6892,4133
6893,4133
6894,4133
6895,4133
6896,4133
6897,4134
6898,4134
6899,4134
6900,4134
6901,4135
6902,4135
6903,4135
6904,4135
6905,4135
6906,4135
6907,4135
6908,4136
6909,4136
6910,4136
6911,4136
6912,4136
6913,4136
6914,4137
6915,4137
6916,4137
6917,4137
6918,4137
6919,4137
6920,4138
6921,4138
6922,4138
6923,4138
6924,4138
6925,4138
6926,4138
6927,4138
6928,4139
6929,4139
6930,4140
6931,4140
6932,4140
6933,4140
6934,4140
6935,4140
6936,4140
6937,4140
6938,4140
6939,4140
6940,4140
6941,4140
6942,4141
6943,4141
6944,4141
6945,4142
6946,4142
6947,4142
6948,4142
6949,4143
6950,4144
6951,4144
6952,4144
6953,4144
6954,4144
6955,4144
6956,4144
6957,4145
6958,4145
6959,4146
6960,4147
6961,4147
6962,4147
6963,4147
6964,4149
6965,4149
6966,4149
6967,4150
6968,4150
6969,4150
6970,4150
6971,4150
6972,4150
6973,4150
6974,4150
6975,4150
6976,4151
6977,4151
6978,4152
6979,4152
6980,4153
6981,4153
6982,4153
6983,4153
6984,4154
6985,4154
6986,4154
6987,4155
6988,4155
6989,4155
6990,4155
6991,4155
6992,4155
6993,4155
6994,4155
6995,4155
6996,4155
6997,4155
6998,4155
6999,4155
7000,4155
7001,4155
7002,4155
7003,4155
7004,4155
7005,4155
7006,4155
7007,4155
7008,4156
7009,4157
7010,4157
7011,4157
7012,4157
7013,4157
7014,4158
7015,4158
7016,4158
7017,4158
7018,4158
7019,4158
7020,4158
7021,4158
7022,4158
7023,4158
7024,4158
7025,4158
7026,4158
7027,4158
7028,4158
7029,4159
7030,4159
7031,4159
7032,4160
7033,4160
7034,4160
7035,4161
7036,4161
7037,4161
7038,4161
7039,4162
7040,4162
7041,4162
7042,4162
7043,4162
7044,4162
7045,4162
7046,4162
7047,4162
7048,4162
7049,4163
7050,4163
7051,579
7052,579
7053,579
7054,579
7055,579
7056,579
7057,579
7058,579
7059,579
7060,579
7061,579
7062,579
7063,579
7064,579
7065,579
7066,579
7067,579
7068,579
7069,579
7070,579
7071,579
7072,579
7073,579
7074,579
7075,579
7076,579
7077,579
7078,579
7079,579
7080,579
7081,4163
7082,4163
7083,4164
7084,4164
7085,4165
7086,4165
7087,4165
7088,4165
7089,4165
7090,4165
7091,4165
7092,4166
7093,4166
7094,4166
7095,4166
7096,4166
7097,4166
7098,4166
7099,4167
7100,4167
7101,4167
7102,4167
7103,4167
7104,4167
7105,4167
7106,4167
7107,4168
7108,4168
7109,4168
7110,4168
7111,4168
7112,4170
7113,4170
7114,4170
7115,4171
7116,4171
7117,4171
7118,4171
7119,4171
7120,4171
7121,4172
7122,4172
7123,4172
7124,4172
7125,4172
7126,4173
7127,4173
7128,4173
7129,4173
7130,4173
7131,4173
7132,4173
7133,4173
7134,4174
7135,4174
7136,4175
7137,4175
7138,4176
7139,4176
7140,4177
7141,4177
7142,4177
7143,4177
7144,4177
7145,4178
7146,4179
7147,4179
7148,4179
7149,4179
7150,4179
7151,4180
7152,4181
7153,4181
7154,4181
7155,4181
7156,4181
7157,4181
7158,4181
7159,4181
7160,4182
7161,4182
7162,4182
7163,4182
7164,4182
7165,4183
7166,4183
7167,4183
7168,4183
7169,4183
7170,4183
7171,4183
7172,4183
7173,4183
7174,4184
7175,4184
7176,4185
7177,4185
7178,4185
7179,4185
7180,4185
7181,4185
7182,4186
7183,4186
7184,4186
7185,4186
7186,4186
7187,4186
7188,4187
7189,4187
7190,4187
7191,4187
7192,4187
7193,4188
7194,4188
7195,4188
7196,4189
7197,4189
7198,4189
7199,4189
7200,4189
7201,4189
7202,4190
7203,4190
7204,4191
7205,4191
7206,4191
7207,4191
7208,4191
7209,4191
7210,4191
7211,4191
7212,4191
7213,4191
7214,4191
7215,4191
7216,4191
7217,4191
7218,4191
7219,4191
7220,4192
7221,4192
7222,4192
7223,4193
7224,4193
7225,4193
7226,4193
7227,4193
7228,4193
7229,4194
7230,4194
7231,4194
7232,4194
7233,4194
7234,4194
7235,4194
7236,4194
7237,4194
7238,4194
7239,4195
7240,4195
7241,4195
7242,4196
7243,4196
7244,4196
7245,4196
7246,4196
7247,4197
7248,4197
7249,4197
7250,4197
7251,4197
7252,4197
7253,4197
7254,4197
7255,4197
7256,4197
7257,4197
7258,4198
7259,4198
7260,4198
7261,4198
7262,4199
7263,4199
7264,4199
7265,4199
7266,4199
7267,4199
7268,4199
7269,4199
7270,4200
7271,4200
7272,4200
7273,4200
7274,4200
7275,4200
7276,4200
7277,4200
7278,4200
7279,4200
7280,4200
7281,4200
7282,4200
7283,4200
7284,4200
7285,4200
7286,4201
7287,4201
7288,4201
7289,4201
7290,4201
7291,4201
7292,4201
7293,4201
7294,4201
7295,4201
7296,4201
7297,4201
7298,4202
7299,4202
7300,4202
7301,4202
7302,4203
7303,4203
7304,4204
7305,4204
7306,4204
7307,4204
7308,4205
7309,4205
7310,4205
7311,4205
7312,4206
7313,4206
7314,4207
7315,4207
7316,4207
7317,4207
7318,4207
7319,4207
7320,4207
7321,4208
7322,4208
7323,4208
7324,4209
7325,4209
7326,4209
7327,4209
7328,4209
7329,4209
7330,4209
7331,4209
7332,4209
7333,4210
7334,4210
7335,4210
7336,4210
7337,4211
7338,4211
7339,4211
7340,4211
7341,4211
7342,4211
7343,4211
7344,4211
7345,4212
7346,4212
7347,4212
7348,4212
7349,4213
7350,4213
7351,4213
7352,4213
7353,4214
7354,4214
7355,4214
7356,4215
7357,4215
7358,4216
7359,4217
7360,4218
7361,4218
7362,4218
7363,4218
7364,4218
7365,4218
7366,4218
7367,4218
7368,4218
7369,4220
7370,4221
7371,4221
7372,4221
7373,4222
7374,4222
7375,4222
7376,4222
7377,4223
7378,4223
7379,4223
7380,4223
7381,579
7382,579
7383,579
7384,579
7385,579
7386,579
7387,579
7388,579
7389,579
7390,579
7391,579
7392,579
7393,579
7394,579
7395,579
7396,579
7397,579
7398,579
7399,579
7400,579
7401,579
7402,579
7403,579
7404,579
7405,579
7406,579
7407,579
7408,579
7409,579
7410,579
7411,4223
7412,4224
7413,4224
7414,4224
7415,4225
7416,4226
7417,4226
7418,4227
7419,4227
7420,4227
7421,4227
7422,4227
7423,4228
7424,4228
7425,4228
7426,4228
7427,4228
7428,4228
7429,4228
7430,4228
7431,4229
7432,4229
7433,4229
7434,4229
7435,4229
7436,4229
7437,4229
7438,4229
7439,4229
7440,4230
7441,4230
7442,4231
7443,4232
7444,4232
7445,4232
7446,4232
7447,4232
7448,4232
7449,4232
7450,4233
7451,4233
7452,4233
7453,4234
7454,4234
7455,4234
7456,4234
7457,4234
7458,4234
7459,4234
7460,4234
7461,4234
7462,4234
7463,4234
7464,4234
7465,4234
7466,4234
7467,4234
7468,4234
7469,4234
7470,4234
7471,4234
7472,4234
7473,4234
7474,4234
7475,4234
7476,4235
7477,4235
7478,4235
7479,4237
7480,4237
7481,4238
7482,4238
7483,4238
7484,4238
7485,4238
7486,4238
7487,4238
7488,4238
7489,4238
7490,4238
7491,4238
7492,4239
7493,4239
7494,4239
7495,4239
7496,4239
7497,4239
7498,4240
7499,4240
7500,4240
7501,4240
7502,4240
7503,4240
7504,4241
7505,4241
7506,4241
7507,4241
7508,4241
7509,4241
7510,4241
7511,4241
7512,4241
7513,4241
7514,4241
7515,4241
7516,4242
7517,4242
7518,4242
7519,4242
7520,4242
7521,4242
7522,4242
7523,4242
7524,4242
7525,4242
7526,4242
7527,4242
7528,4242
7529,4242
7530,4242
7531,4242
7532,4243
7533,4243
7534,4243
7535,4243
7536,4243
7537,4244
7538,4244
7539,4244
7540,4244
7541,4244
7542,4244
7543,4244
7544,4246
7545,4246
7546,4246
7547,4247
7548,4247
7549,4248
7550,4249
7551,4249
7552,4249
7553,4249
7554,4249
7555,4249
7556,4249
7557,4250
7558,4250
7559,4250
7560,4250
7561,4250
7562,4250
7563,4250
7564,4252
7565,4252
7566,4252
7567,4252
7568,4252
7569,4252
7570,4252
7571,4253
7572,4253
7573,4253
7574,4253
7575,4253
7576,4254
7577,4255
7578,4255
7579,4255
7580,4255
7581,4255
7582,4255
7583,4255
7584,4255
7585,4256
7586,4256
7587,4256
7588,4256
7589,4256
7590,4256
7591,4256
7592,4256
7593,4256
7594,4256
7595,4256
7596,4257
7597,4257
7598,4257
7599,4257
7600,4257
7601,4258
7602,4258
7603,4258
7604,4258
7605,4258
7606,4258
7607,4258
7608,4259
7609,4259
7610,4259
7611,4259
7612,4259
7613,4259
7614,4260
7615,4260
7616,4260
7617,4260
7618,4260
7619,4260
7620,4260
7621,4260
7622,4260
7623,4260
7624,4260
7625,4262
7626,4262
7627,4263
7628,4263
7629,4264
7630,4264
7631,4265
7632,4265
7633,4265
7634,4265
7635,4265
7636,4265
7637,4266
7638,4267
7639,4267
7640,4267
7641,4268
7642,4268
7643,4268
7644,4268
7645,4268
7646,4268
7647,4268
7648,4269
7649,4269
7650,4269
7651,4269
7652,4269
7653,4269
7654,4269
7655,4269
7656,4269
7657,4269
7658,4269
7659,4269
7660,4269
7661,4270
7662,4270
7663,4270
7664,4270
7665,4270
7666,4270
7667,4271
7668,4271
7669,4271
7670,4273
7671,4273
7672,4273
7673,4273
7674,4273
7675,4273
7676,4273
7677,4274
7678,4274
7679,4274
7680,4274
7681,4274
7682,4274
7683,4274
7684,4274
7685,4274
7686,4274
7687,4275
7688,4275
7689,4276
7690,4276
7691,4276
7692,4276
7693,4276
7694,4276
7695,4276
7696,4276
7697,4276
7698,4276
7699,4276
7700,4276
7701,4276
7702,4276
7703,4277
7704,4277
7705,4277
7706,4277
7707,4277
7708,4277
7709,4278
7710,4278
7711,579
7712,579
7713,579
7714,579
7715,579
7716,580
7717,580
7718,580
7719,580
7720,580
7721,580
7722,580
7723,580
7724,580
7725,580
7726,580
7727,580
7728,580
7729,580
7730,581
7731,581
7732,581
7733,581
7734,581
7735,581
7736,581
7737,581
7738,581
7739,581
7740,581
7741,4278
7742,4278
7743,4278
7744,4278
7745,4278
7746,4278
7747,4279
7748,4279
7749,4279
7750,4280
7751,4281
7752,4281
7753,4281
7754,4281
7755,4281
7756,4281
7757,4281
7758,4282
7759,4282
7760,4283
7761,4283
7762,4283
7763,4283
7764,4283
7765,4283
7766,4284
7767,4284
7768,4284
7769,4284
7770,4284
7771,4284
7772,4284
7773,4284
7774,4284
7775,4284
7776,4284
7777,4284
7778,4284
7779,4284
7780,4284
7781,4284
7782,4284
7783,4284
7784,4284
7785,4284
7786,4285
7787,4285
7788,4286
7789,4286
7790,4287
7791,4288
7792,4289
7793,4289
7794,4289
7795,4290
7796,4290
7797,4290
7798,4290
7799,4290
7800,4290
7801,4291
7802,4291
7803,4291
7804,4291
7805,4291
7806,4291
7807,4292
7808,4292
7809,4293
7810,4293
7811,4293
7812,4294
7813,4294
7814,4295
7815,4295
7816,4295
7817,4295
7818,4295
7819,4295
7820,4295
7821,4295
7822,4295
7823,4295
7824,4295
7825,4296
7826,4296
7827,4297
7828,4297
7829,4297
7830,4298
7831,4298
7832,4299
7833,4299
7834,4299
7835,4299
7836,4299
7837,4301
7838,4301
7839,4301
7840,4302
7841,4303
7842,4303
7843,4303
7844,4303
7845,4304
7846,4304
7847,4304
7848,4304
7849,4304
7850,4304
7851,4304
7852,4304
7853,4304
7854,4304
7855,4304
7856,4304
7857,4304
7858,4304
7859,4305
7860,4306
7861,4306
7862,4307
7863,4307
7864,4307
7865,4307
7866,4307
7867,4308
7868,4308
7869,4308
7870,4309
7871,4309
7872,4309
7873,4309
7874,4309
7875,4309
7876,4309
7877,4309
7878,4309
7879,4309
7880,4309
7881,4309
7882,4309
7883,4309
7884,4310
7885,4310
7886,4311
7887,4311
7888,4311
7889,4312
7890,4312
7891,4312
7892,4312
7893,4312
7894,4312
7895,4312
7896,4312
7897,4312
7898,4312
7899,4312
7900,4312
7901,4312
7902,4312
7903,4312
7904,4313
7905,4313
7906,4313
7907,4314
7908,4314
7909,4314
7910,4314
7911,4314
7912,4315
7913,4315
7914,4315
7915,4315
7916,4315
7917,4315
7918,4315
7919,4315
7920,4315
7921,4316
7922,4316
7923,4316
7924,4316
7925,4316
7926,4316
7927,4317
7928,4317
7929,4317
7930,4317
7931,4318
7932,4318
7933,4318
7934,4318
7935,4318
7936,4318
7937,4318
7938,4318
7939,4318
7940,4318
7941,4318
7942,4318
7943,4319
7944,4319
7945,4319
7946,4319
7947,4319
7948,4319
7949,4320
7950,4320
7951,4320
7952,4320
7953,4320
7954,4320
7955,4320
7956,4321
7957,4321
7958,4321
7959,4321
7960,4321
7961,4321
7962,4321
7963,4321
7964,4321
7965,4322
7966,4322
7967,4322
7968,4323
7969,4323
7970,4323
7971,4323
7972,4324
7973,4324
7974,4324
7975,4324
7976,4324
7977,4324
7978,4325
7979,4325
7980,4325
7981,4325
7982,4325
7983,4325
7984,4325
7985,4326
7986,4326
7987,4326
7988,4326
7989,4326
7990,4326
7991,4326
7992,4326
7993,4327
7994,4327
7995,4327
7996,4327
7997,4327
7998,4327
7999,4327
8000,4327
8001,4327
8002,4327
8003,4327
8004,4327
8005,4327
8006,4327
8007,4327
8008,4328
8009,4328
8010,4328
8011,4328
8012,4328
8013,4328
8014,4328
8015,4328
8016,4328
8017,4329
8018,4330
8019,4330
8020,4331
8021,4331
8022,4331
8023,4332
8024,4332
8025,4332
8026,4332
8027,4332
8028,4333
8029,4333
8030,4333
8031,4333
8032,4333
8033,4333
8034,4334
8035,4334
8036,4334
8037,4334
8038,4334
8039,4336
8040,4336
8041,581
8042,581
8043,581
8044,581
8045,581
8046,582
8047,582
8048,582
8049,582
8050,582
8051,583
8052,583
8053,583
8054,583
8055,583
8056,583
8057,583
8058,583
8059,583
8060,583
8061,583
8062,583
8063,583
8064,583
8065,583
8066,583
8067,583
8068,583
8069,583
8070,583
8071,4336
8072,4336
8073,4337
8074,4337
8075,4337
8076,4338
8077,4338
8078,4338
8079,4338
8080,4338
8081,4338
8082,4338
8083,4338
8084,4338
8085,4338
8086,4338
8087,4339
8088,4339
8089,4339
8090,4340
8091,4340
8092,4340
8093,4340
8094,4341
8095,4341
8096,4341
8097,4341
8098,4344
8099,4344
8100,4345
8101,4345
8102,4346
8103,4346
8104,4347
8105,4347
8106,4347
8107,4347
8108,4348
8109,4348
8110,4348
8111,4348
8112,4349
8113,4350
8114,4350
8115,4350
8116,4350
8117,4351
8118,4351
8119,4352
8120,4352
8121,4352
8122,4353
8123,4353
8124,4353
8125,4353
8126,4354
8127,4354
8128,4354
8129,4355
8130,4355
8131,4355
8132,4355
8133,4355
8134,4355
8135,4355
8136,4355
8137,4355
8138,4355
8139,4355
8140,4355
8141,4355
8142,4355
8143,4355
8144,4355
8145,4355
8146,4355
8147,4355
8148,4355
8149,4355
8150,4355
8151,4356
8152,4356
8153,4357
8154,4357
8155,4357
8156,4358
8157,4360
8158,4360
8159,4360
8160,4361
8161,4361
8162,4361
8163,4362
8164,4362
8165,4362
8166,4362
8167,4362
8168,4362
8169,4362
8170,4362
8171,4363
8172,4363
8173,4363
8174,4363
8175,4363
8176,4363
8177,4363
8178,4364
8179,4364
8180,4365
8181,4365
8182,4366
8183,4366
8184,4366
8185,4366
8186,4368
8187,4368
8188,4368
8189,4368
8190,4368
8191,4368
8192,4368
8193,4368
8194,4368
8195,4368
8196,4368
8197,4368
8198,4368
8199,4368
8200,4368
8201,4368
8202,4368
8203,4368
8204,4368
8205,4369
8206,4369
8207,4369
8208,4369
8209,4369
8210,4370
8211,4370
8212,4370
8213,4370
8214,4370
8215,4370
8216,4370
8217,4370
8218,4371
8219,4371
8220,4372
8221,4372
8222,4372
8223,4372
8224,4372
8225,4372
8226,4372
8227,4372
8228,4372
8229,4372
8230,4372
8231,4372
8232,4372
8233,4373
8234,4373
8235,4373
8236,4373
8237,4373
8238,4373
8239,4373
8240,4374
8241,4374
8242,4374
8243,4374
8244,4374
8245,4374
8246,4375
8247,4375
8248,4375
8249,4375
8250,4375
8251,4375
8252,4375
8253,4375
8254,4377
8255,4377
8256,4377
8257,4378
8258,4378
8259,4379
8260,4379
8261,4379
8262,4380
8263,4381
8264,4381
8265,4381
8266,4381
8267,4381
8268,4381
8269,4381
8270,4381
8271,4381
8272,4381
8273,4381
8274,4381
8275,4381
8276,4381
8277,4381
8278,4381
8279,4381
8280,4381
8281,4382
8282,4382
8283,4382
8284,4382
8285,4382
8286,4383
8287,4383
8288,4383
8289,4383
8290,4384
8291,4384
8292,4384
8293,4385
8294,4385
8295,4385
8296,4385
8297,4385
8298,4385
8299,4385
8300,4386
8301,4386
8302,4386
8303,4386
8304,4387
8305,4387
8306,4387
8307,4388
8308,4388
8309,4389
8310,4389
8311,4389
8312,4389
8313,4389
8314,4389
8315,4389
8316,4390
8317,4390
8318,4390
8319,4390
8320,4390
8321,4390
8322,4390
8323,4391
8324,4391
8325,4391
8326,4391
8327,4391
8328,4392
8329,4392
8330,4394
8331,4395
8332,4395
8333,4395
8334,4395
8335,4395
8336,4395
8337,4395
8338,4395
8339,4397
8340,4397
8341,4397
8342,4397
8343,4398
8344,4398
8345,4398
8346,4398
8347,4398
8348,4398
8349,4398
8350,4398
8351,4398
8352,4398
8353,4398
8354,4398
8355,4398
8356,4398
8357,4398
8358,4398
8359,4399
8360,4399
8361,4399
8362,4399
8363,4399
8364,4399
8365,4399
8366,4400
8367,4400
8368,4400
8369,4400
8370,4400
8371,583
8372,583
8373,583
8374,583
8375,583
8376,583
8377,583
8378,583
8379,583
8380,583
8381,583
8382,583
8383,583
8384,583
8385,583
8386,583
8387,583
8388,583
8389,583
8390,584
8391,584
8392,584
8393,584
8394,584
8395,584
8396,584
8397,584
8398,584
8399,584
8400,585
8401,4401
8402,4401
8403,4401
8404,4401
8405,4401
8406,4401
8407,4401
8408,4401
8409,4402
8410,4403
8411,4403
8412,4403
8413,4404
8414,4404
8415,4404
8416,4404
8417,4404
8418,4404
8419,4404
8420,4404
8421,4405
8422,4405
8423,4405
8424,4405
8425,4405
8426,4405
8427,4405
8428,4406
8429,4406
8430,4406
8431,4406
8432,4406
8433,4407
8434,4407
8435,4407
8436,4407
8437,4407
8438,4407
8439,4408
8440,4409
8441,4410
8442,4410
8443,4410
8444,4412
8445,4412
8446,4412
8447,4412
8448,4412
8449,4412
8450,4412
8451,4413
8452,4413
8453,4413
8454,4413
8455,4413
8456,4413
8457,4413
8458,4413
8459,4413
8460,4414
8461,4414
8462,4414
8463,4414
8464,4414
8465,4414
8466,4414
8467,4414
8468,4415
8469,4416
8470,4416
8471,4416
8472,4416
8473,4416
8474,4416
8475,4416
8476,4416
8477,4416
8478,4416
8479,4416
8480,4416
8481,4416
8482,4416
8483,4416
8484,4417
8485,4417
8486,4418
8487,4418
8488,4418
8489,4418
8490,4419
8491,4419
8492,4419
8493,4419
8494,4419
8495,4419
8496,4420
8497,4420
8498,4421
8499,4422
8500,4422
8501,4422
8502,4422
8503,4423
8504,4423
8505,4423
8506,4423
8507,4423
8508,4423
8509,4423
8510,4424
8511,4424
8512,4424
8513,4425
8514,4425
8515,4425
8516,4425
8517,4425
8518,4426
8519,4426
8520,4426
8521,4426
8522,4426
8523,4427
8524,4427
8525,4427
8526,4427
8527,4427
8528,4427
8529,4427
8530,4427
8531,4428
8532,4428
8533,4428
8534,4428
8535,4429
8536,4429
8537,4429
8538,4429
8539,4429
8540,4430
8541,4430
8542,4430
8543,4432
8544,4432
8545,4432
8546,4432
8547,4432
8548,4432
8549,4432
8550,4434
8551,4434
8552,4434
8553,4434
8554,4434
8555,4434
8556,4434
8557,4434
8558,4434
8559,4434
8560,4435
8561,4435
8562,4435
8563,4435
8564,4435
8565,4435
8566,4435
8567,4435
8568,4435
8569,4435
8570,4435
8571,4435
8572,4435
8573,4435
8574,4435
8575,4435
8576,4435
8577,4435
8578,4436
8579,4436
8580,4436
8581,4437
8582,4437
8583,4437
8584,4437
8585,4438
8586,4438
8587,4438
8588,4439
8589,4439
8590,4439
8591,4439
8592,4440
8593,4440
8594,4440
8595,4440
8596,4441
8597,4441
8598,4441
8599,4441
8600,4441
8601,4441
8602,4441
8603,4442
8604,4442
8605,4442
8606,4442
8607,4443
8608,4443
8609,4443
8610,4443
8611,4443
8612,4443
8613,4443
8614,4443
8615,4444
8616,4444
8617,4444
8618,4444
8619,4445
8620,4445
8621,4445
8622,4446
8623,4446
8624,4446
8625,4447
8626,4447
8627,4448
8628,4449
8629,4449
8630,4449
8631,4449
8632,4449
8633,4449
8634,4451
8635,4451
8636,4451
8637,4451
8638,4452
8639,4452
8640,4452
8641,4452
8642,4452
8643,4452
8644,4452
8645,4452
8646,4452
8647,4452
8648,4452
8649,4452
8650,4452
8651,4452
8652,4453
8653,4453
8654,4454
8655,4454
8656,4455
8657,4455
8658,4455
8659,4455
8660,4455
8661,4455
8662,4455
8663,4455
8664,4455
8665,4455
8666,4455
8667,4455
8668,4455
8669,4455
8670,4455
8671,4455
8672,4455
8673,4455
8674,4455
8675,4455
8676,4456
8677,4456
8678,4456
8679,4456
8680,4457
8681,4457
8682,4457
8683,4457
8684,4457
8685,4458
8686,4458
8687,4458
8688,4458
8689,4458
8690,4459
8691,4459
8692,4459
8693,4459
8694,4459
8695,4459
8696,4459
8697,4459
8698,4459
8699,4460
8700,4460
8701,585
8702,585
8703,585
8704,585
8705,586
8706,586
8707,586
8708,586
8709,586
8710,586
8711,586
8712,586
8713,586
8714,586
8715,586
8716,586
8717,586
8718,586
8719,586
8720,586
8721,586
8722,586
8723,586
8724,586
8725,586
8726,586
8727,586
8728,586
8729,586
8730,586
8731,4460
8732,4460
8733,4460
8734,4460
8735,4460
8736,4461
8737,4462
8738,4462
8739,4462
8740,4462
8741,4463
8742,4463
8743,4463
8744,4463
8745,4463
8746,4463
8747,4464
8748,4465
8749,4465
8750,4465
8751,4465
8752,4466
8753,4466
8754,4466
8755,4466
8756,4466
8757,4466
8758,4466
8759,4466
8760,4466
8761,4466
8762,4466
8763,4466
8764,4466
8765,4466
8766,4467
8767,4467
8768,4467
8769,4467
8770,4467
8771,4468
8772,4468
8773,4468
8774,4468
8775,4468
8776,4469
8777,4469
8778,4469
8779,4469
8780,4469
8781,4469
8782,4469
8783,4469
8784,4469
8785,4469
8786,4469
8787,4469
8788,4469
8789,4470
8790,4470
8791,4470
8792,4470
8793,4471
8794,4471
8795,4472
8796,4472
8797,4472
8798,4472
8799,4472
8800,4473
8801,4474
8802,4474
8803,4474
8804,4475
8805,4475
8806,4475
8807,4475
8808,4475
8809,4476
8810,4476
8811,4476
8812,4476
8813,4476
8814,4476
8815,4476
8816,4476
8817,4476
8818,4476
8819,4476
8820,4477
8821,4477
8822,4477
8823,4478
8824,4478
8825,4478
8826,4478
8827,4478
8828,4478
8829,4478
8830,4478
8831,4478
8832,4478
8833,4478
8834,4478
8835,4478
8836,4478
8837,4478
8838,4478
8839,4479
8840,4479
8841,4479
8842,4479
8843,4479
8844,4479
8845,4480
8846,4480
8847,4480
8848,4480
8849,4480
8850,4480
8851,4480
8852,4480
8853,4480
8854,4480
8855,4480
8856,4480
8857,4480
8858,4480
8859,4481
8860,4481
8861,4481
8862,4482
8863,4482
8864,4482
8865,4482
8866,4482
8867,4482
8868,4483
8869,4483
8870,4484
8871,4484
8872,4484
8873,4484
8874,4484
8875,4484
8876,4484
8877,4484
8878,4484
8879,4485
8880,4485
8881,4485
8882,4485
8883,4486
8884,4486
8885,4486
8886,4486
8887,4486
8888,4487
8889,4488
8890,4488
8891,4488
8892,4488
8893,4488
8894,4488
8895,4488
8896,4488
8897,4489
8898,4489
8899,4490
8900,4490
8901,4491
8902,4491
8903,4491
8904,4492
8905,4492
8906,4492
8907,4492
8908,4492
8909,4493
8910,4493
8911,4493
8912,4493
8913,4493
8914,4494
8915,4494
8916,4494
8917,4494
8918,4495
8919,4496
8920,4496
8921,4496
8922,4496
8923,4496
8924,4496
8925,4496
8926,4497
8927,4497
8928,4497
8929,4497
8930,4497
8931,4497
8932,4497
8933,4497
8934,4497
8935,4497
8936,4497
8937,4497
8938,4497
8939,4497
8940,4497
8941,4497
8942,4497
8943,4497
8944,4498
8945,4498
8946,4498
8947,4498
8948,4498
8949,4498
8950,4498
8951,4498
8952,4498
8953,4499
8954,4500
8955,4500
8956,4501
8957,4501
8958,4501
8959,4502
8960,4502
8961,4502
8962,4502
8963,4503
8964,4503
8965,4503
8966,4503
8967,4503
8968,4503
8969,4504
8970,4504
8971,4504
8972,4504
8973,4504
8974,4504
8975,4504
8976,4504
8977,4504
8978,4504
8979,4505
8980,4506
8981,4507
8982,4507
8983,4508
8984,4508
8985,4508
8986,4508
8987,4508
8988,4509
8989,4509
8990,4509
8991,4509
8992,4509
8993,4509
8994,4510
8995,4510
8996,4510
8997,4511
8998,4511
8999,4511
9000,4512
9001,4512
9002,4512
9003,4513
9004,4513
9005,4513
9006,4513
9007,4513
9008,4513
9009,4513
9010,4513
9011,4513
9012,4513
9013,4513
9014,4513
9015,4514
9016,4514
9017,4514
9018,4514
9019,4514
9020,4514
9021,4514
9022,4514
9023,4515
9024,4515
9025,4515
9026,4516
9027,4516
9028,4516
9029,4516
9030,4516
9031,586
9032,587
9033,587
9034,587
9035,587
9036,587
9037,587
9038,587
9039,587
9040,587
9041,587
9042,587
9043,587
9044,587
9045,587
9046,588
9047,588
9048,588
9049,588
9050,588
9051,589
9052,589
9053,589
9054,589
9055,589
9056,589
9057,589
9058,589
9059,589
9060,589
9061,4516
9062,4516
9063,4516
9064,4516
9065,4516
9066,4517
9067,4517
9068,4518
9069,4518
9070,4518
9071,4519
9072,4520
9073,4520
9074,4520
9075,4520
9076,4520
9077,4520
9078,4521
9079,4521
9080,4521
9081,4521
9082,4522
9083,4522
9084,4523
9085,4523
9086,4523
9087,4523
9088,4523
9089,4523
9090,4523
9091,4523
9092,4523
9093,4524
9094,4524
9095,4524
9096,4524
9097,4525
9098,4525
9099,4525
9100,4525
9101,4525
9102,4527
9103,4528
9104,4528
9105,4528
9106,4529
9107,4529
9108,4530
9109,4530
9110,4530
9111,4531
9112,4531
9113,4531
9114,4531
9115,4532
9116,4532
9117,4532
9118,4533
9119,4533
9120,4534
9121,4534
9122,4535
9123,4535
9124,4535
9125,4536
9126,4536
9127,4536
9128,4536
9129,4536
9130,4536
9131,4536
9132,4536
9133,4536
9134,4536
9135,4537
9136,4537
9137,4537
9138,4537
9139,4537
9140,4537
9141,4537
9142,4537
9143,4538
9144,4538
9145,4538
9146,4538
9147,4538
9148,4538
9149,4538
9150,4538
9151,4539
9152,4539
9153,4539
9154,4540
9155,4540
9156,4540
9157,4540
9158,4540
9159,4540
9160,4540
9161,4541
9162,4541
9163,4541
9164,4541
9165,4541
9166,4541
9167,4541
9168,4542
9169,4542
9170,4543
9171,4543
9172,4543
9173,4543
9174,4543
9175,4543
9176,4543
9177,4543
9178,4543
9179,4543
9180,4543
9181,4543
9182,4544
9183,4544
9184,4544
9185,4545
9186,4545
9187,4545
9188,4546
9189,4546
9190,4547
9191,4547
9192,4547
9193,4547
9194,4547
9195,4547
9196,4548
9197,4548
9198,4548
9199,4548
9200,4549
9201,4549
9202,4549
9203,4550
9204,4550
9205,4550
9206,4551
9207,4551
9208,4552
9209,4552
9210,4552
9211,4552
9212,4553
9213,4553
9214,4553
9215,4554
9216,4555
9217,4556
9218,4556
9219,4556
9220,4556
9221,4557
9222,4557
9223,4557
9224,4557
9225,4558
9226,4558
9227,4558
9228,4558
9229,4558
9230,4558
9231,4558
9232,4558
9233,4558
9234,4558
9235,4558
9236,4559
9237,4559
9238,4559
9239,4559
9240,4559
9241,4559
9242,4559
9243,4559
9244,4559
9245,4559
9246,4559
9247,4559
9248,4559
9249,4560
9250,4560
9251,4560
9252,4560
9253,4560
9254,4560
9255,4560
9256,4560
9257,4561
9258,4561
9259,4561
9260,4561
9261,4561
9262,4561
9263,4561
9264,4561
9265,4562
9266,4562
9267,4562
9268,4562
9269,4562
9270,4562
9271,4563
9272,4563
9273,4563
9274,4564
9275,4564
9276,4564
9277,4564
9278,4564
9279,4564
9280,4565
9281,4565
9282,4566
9283,4566
9284,4566
9285,4566
9286,4566
9287,4566
9288,4568
9289,4568
9290,4568
9291,4569
9292,4570
9293,4570
9294,4570
9295,4570
9296,4570
9297,4570
9298,4571
9299,4571
9300,4572
9301,4572
9302,4573
9303,4573
9304,4573
9305,4573
9306,4574
9307,4574
9308,4574
9309,4575
9310,4575
9311,4576
9312,4576
9313,4578
9314,4578
9315,4578
9316,4578
9317,4578
9318,4578
9319,4578
9320,4578
9321,4578
9322,4579
9323,4579
9324,4579
9325,4579
9326,4579
9327,4579
9328,4579
9329,4580
9330,4580
9331,4580
9332,4580
9333,4580
9334,4580
9335,4580
9336,4580
9337,4580
9338,4580
9339,4580
9340,4580
9341,4581
9342,4581
9343,4581
9344,4582
9345,4582
9346,4583
9347,4583
9348,4583
9349,4584
9350,4584
9351,4584
9352,4584
9353,4584
9354,4584
9355,4585
9356,4585
9357,4586
9358,4586
9359,4586
9360,4586
9361,589
9362,589
9363,589
9364,589
9365,589
9366,589
9367,589
9368,589
9369,589
9370,589
9371,589
9372,589
9373,589
9374,589
9375,589
9376,589
9377,589
9378,589
9379,589
9380,589
9381,589
9382,589
9383,589
9384,589
9385,589
9386,589
9387,589
9388,589
9389,589
9390,589
9391,4586
9392,4586
9393,4586
9394,4586
9395,4586
9396,4586
9397,4586
9398,4586
9399,4586
9400,4586
9401,4586
9402,4586
9403,4586
9404,4586
9405,4586
9406,4586
9407,4586
9408,4587
9409,4587
9410,4588
9411,4588
9412,4588
9413,4588
9414,4588
9415,4588
9416,4588
9417,4588
9418,4588
9419,4588
9420,4588
9421,4588
9422,4588
9423,4588
9424,4588
9425,4588
9426,4588
9427,4588
9428,4590
9429,4590
9430,4591
9431,4591
9432,4591
9433,4591
9434,4591
9435,4591
9436,4592
9437,4592
9438,4592
9439,4592
9440,4592
9441,4592
9442,4592
9443,4592
9444,4592
9445,4593
9446,4593
9447,4593
9448,4594
9449,4594
9450,4595
9451,4596
9452,4596
9453,4596
9454,4596
9455,4596
9456,4597
9457,4598
9458,4598
9459,4598
9460,4598
9461,4600
9462,4600
9463,4600
9464,4600
9465,4600
9466,4601
9467,4601
9468,4601
9469,4602
9470,4602
9471,4602
9472,4602
9473,4603
9474,4603
9475,4603
9476,4603
9477,4604
9478,4604
9479,4604
9480,4604
9481,4604
9482,4604
9483,4604
9484,4604
9485,4604
9486,4605
9487,4606
9488,4606
9489,4606
9490,4606
9491,4607
9492,4608
9493,4608
9494,4608
9495,4608
9496,4608
9497,4608
9498,4609
9499,4609
9500,4610
9501,4611
9502,4611
9503,4611
9504,4611
9505,4611
9506,4611
9507,4612
9508,4612
9509,4612
9510,4612
9511,4612
9512,4612
9513,4612
9514,4612
9515,4612
9516,4612
9517,4612
9518,4613
9519,4613
9520,4615
9521,4616
9522,4616
9523,4616
9524,4617
9525,4617
9526,4617
9527,4617
9528,4617
9529,4617
9530,4617
9531,4617
9532,4617
9533,4617
9534,4618
9535,4619
9536,4619
9537,4619
9538,4619
9539,4619
9540,4619
9541,4619
9542,4619
9543,4620
9544,4620
9545,4620
9546,4620
9547,4620
9548,4620
9549,4620
9550,4620
9551,4620
9552,4620
9553,4620
9554,4620
9555,4620
9556,4620
9557,4620
9558,4620
9559,4621
9560,4622
9561,4622
9562,4622
9563,4623
9564,4623
9565,4623
9566,4624
9567,4624
9568,4624
9569,4624
9570,4625
9571,4626
9572,4626
9573,4626
9574,4626
9575,4626
9576,4626
9577,4626
9578,4627
9579,4627
9580,4627
9581,4627
9582,4627
9583,4627
9584,4627
9585,4628
9586,4628
9587,4628
9588,4628
9589,4629
9590,4629
9591,4629
9592,4630
9593,4630
9594,4630
9595,4630
9596,4630
9597,4630
9598,4630
9599,4631
9600,4631
9601,4632
9602,4632
9603,4632
9604,4632
9605,4633
9606,4633
9607,4633
9608,4633
9609,4633
9610,4633
9611,4633
9612,4633
9613,4633
9614,4633
9615,4633
9616,4634
9617,4634
9618,4634
9619,4635
9620,4636
9621,4636
9622,4637
9623,4637
9624,4637
9625,4637
9626,4637
9627,4637
9628,4637
9629,4637
9630,4637
9631,4637
9632,4637
9633,4637
9634,4638
9635,4638
9636,4639
9637,4639
9638,4639
9639,4639
9640,4639
9641,4639
9642,4640
9643,4640
9644,4640
9645,4641
9646,4641
9647,4641
9648,4641
9649,4641
9650,4641
9651,4641
9652,4642
9653,4642
9654,4642
9655,4642
9656,4642
9657,4642
9658,4642
9659,4642
9660,4642
9661,4642
9662,4642
9663,4642
9664,4643
9665,4643
9666,4643
9667,4643
9668,4644
9669,4644
9670,4645
9671,4645
9672,4646
9673,4646
9674,4646
9675,4647
9676,4648
9677,4648
9678,4648
9679,4648
9680,4649
9681,4649
9682,4649
9683,4649
9684,4649
9685,4650
9686,4652
9687,4652
9688,4652
9689,4652
9690,4652
9691,589
9692,589
9693,589
9694,589
9695,589
9696,589
9697,589
9698,589
9699,589
9700,589
9701,589
9702,589
9703,589
9704,589
9705,589
9706,589
9707,589
9708,589
9709,589
9710,589
9711,590
9712,590
9713,590
9714,590
9715,590
9716,590
9717,590
9718,590
9719,590
9720,590
9721,4653
9722,4653
9723,4653
9724,4654
9725,4654
9726,4654
9727,4654
9728,4654
9729,4655
9730,4656
9731,4656
9732,4656
9733,4656
9734,4656
9735,4656
9736,4656
9737,4657
9738,4657
9739,4657
9740,4657
9741,4657
9742,4657
9743,4659
9744,4659
9745,4659
9746,4659
9747,4659
9748,4659
9749,4659
9750,4660
9751,4660
9752,4661
9753,4661
9754,4661
9755,4661
9756,4661
9757,4661
9758,4661
9759,4661
9760,4661
9761,4661
9762,4662
9763,4662
9764,4662
9765,4662
9766,4662
9767,4662
9768,4662
9769,4662
9770,4662
9771,4662
9772,4662
9773,4662
9774,4663
9775,4663
9776,4663
9777,4663
9778,4664
9779,4664
9780,4664
9781,4665
9782,4665
9783,4665
9784,4665
9785,4665
9786,4666
9787,4666
9788,4666
9789,4666
9790,4666
9791,4666
9792,4666
9793,4666
9794,4666
9795,4666
9796,4666
9797,4666
9798,4666
9799,4666
9800,4667
9801,4668
9802,4668
9803,4668
9804,4668
9805,4668
9806,4668
9807,4668
9808,4668
9809,4669
9810,4669
9811,4669
9812,4670
9813,4670
9814,4670
9815,4670
9816,4670
9817,4670
9818,4671
9819,4672
9820,4672
9821,4672
9822,4672
9823,4672
9824,4672
9825,4672
9826,4672
9827,4672
9828,4672
9829,4672
9830,4672
9831,4672
9832,4672
9833,4672
9834,4672
9835,4672
9836,4672
9837,4672
9838,4673
9839,4673
9840,4674
9841,4675
9842,4675
9843,4675
9844,4675
9845,4676
9846,4676
9847,4676
9848,4676
9849,4676
9850,4676
9851,4677
9852,4677
9853,4678
9854,4678
9855,4678
9856,4678
9857,4678
9858,4678
9859,4678
9860,4678
9861,4678
9862,4678
9863,4678
9864,4679
9865,4679
9866,4679
9867,4679
9868,4679
9869,4679
9870,4679
9871,4679
9872,4679
9873,4679
9874,4679
9875,4679
9876,4680
9877,4680
9878,4681
9879,4681
9880,4682
9881,4682
9882,4682
9883,4682
9884,4682
9885,4682
9886,4682
9887,4682
9888,4682
9889,4683
9890,4684
9891,4685
9892,4685
9893,4685
9894,4685
9895,4685
9896,4685
9897,4685
9898,4685
9899,4685
9900,4686
9901,4686
9902,4686
9903,4687
9904,4687
9905,4687
9906,4687
9907,4688
9908,4688
9909,4688
9910,4688
9911,4688
9912,4688
9913,4688
9914,4688
9915,4689
9916,4689
9917,4689
9918,4689
9919,4689
9920,4689
9921,4690
9922,4690
9923,4690
9924,4691
9925,4691
9926,4691
9927,4692
9928,4692
9929,4692
9930,4692
9931,4692
9932,4692
9933,4692
9934,4692
9935,4692
9936,4693
9937,4693
9938,4693
9939,4693
9940,4693
9941,4693
9942,4693
9943,4693
9944,4693
9945,4693
9946,4694
9947,4694
9948,4694
9949,4695
9950,4695
9951,4696
9952,4696
9953,4697
9954,4697
9955,4698
9956,4698
9957,4698
9958,4699
9959,4700
9960,4700
9961,4700
9962,4700
9963,4700
9964,4701
9965,4702
9966,4702
9967,4702
9968,4702
9969,4702
9970,4702
9971,4702
9972,4702
9973,4702
9974,4702
9975,4702
9976,4703
9977,4703
9978,4704
9979,4704
9980,4704
9981,4704
9982,4704
9983,4704
9984,4704
9985,4704
9986,4704
9987,4704
9988,4704
9989,4704
9990,4704
9991,4704
9992,4704
9993,4704
9994,4704
9995,4704
9996,4704
9997,4704
9998,4704
9999,4704
10000,4704